Rk;Name;Age;Tm;Lg;G;PA;AB;R;H;2B;3B;HR;RBI;SB;CS;BB;SO;BA;OBP;SLG;OPS;OPS+;TB;GDP;HBP;SH;SF;IBB
1;CJ Abrams*;21;TOT;NL;90;302;284;33;70;12;2;2;21;7;4;5;50;0.246;0.28;0.324;0.604;76;92;5;9;2;2;0
2;CJ Abrams*;21;SDP;NL;46;139;125;16;29;5;0;2;11;1;2;4;27;0.232;0.285;0.32;0.605;77;40;4;6;2;2;0
3;CJ Abrams*;21;WSN;NL;44;163;159;17;41;7;2;0;10;6;2;1;23;0.258;0.276;0.327;0.603;75;52;1;3;0;0;0
4;Albert Abreu;26;TOT;AL;1;0;0;0;0;0;0;0;0;0;0;0;0;0;0;0;0;0;0;0;0;0;0;0
5;Albert Abreu;26;KCR;AL;1;0;0;0;0;0;0;0;0;0;0;0;0;0;0;0;0;0;0;0;0;0;0;0
6;José Abreu;35;CHW;AL;157;679;601;85;183;40;0;15;75;0;0;62;110;0.304;0.378;0.446;0.824;134;268;19;12;0;4;2
7;Ronald Acuna Jr.;24;ATL;NL;119;533;467;71;124;24;0;15;50;29;11;53;126;0.266;0.351;0.413;0.764;112;193;8;10;0;3;4
8;Willy Adames;26;MIL;NL;139;617;563;83;134;31;0;31;98;8;3;49;166;0.238;0.298;0.458;0.756;111;258;11;1;0;4;3
9;Riley Adams;26;WSN;NL;48;155;142;14;25;4;0;5;10;0;1;12;46;0.176;0.245;0.31;0.555;60;44;2;1;0;0;0
10;Jo Adell;23;LAA;AL;88;285;268;22;60;12;2;8;27;4;2;11;107;0.224;0.264;0.373;0.637;78;100;6;4;0;1;0
11;Ehire Adrianza#;32;TOT;NL;37;110;97;8;17;3;0;0;7;1;0;11;25;0.175;0.264;0.206;0.47;39;20;2;1;0;1;0
12;Ehire Adrianza#;32;WSN;NL;31;94;84;5;15;2;0;0;7;1;0;8;22;0.179;0.255;0.202;0.458;36;17;2;1;0;1;0
13;Ehire Adrianza#;32;ATL;NL;6;16;13;3;2;1;0;0;0;0;0;3;3;0.154;0.313;0.231;0.543;55;3;0;0;0;0;0
14;Jesús Aguilar;32;TOT;MLB;129;507;464;39;109;19;0;16;51;1;0;28;119;0.235;0.281;0.379;0.661;87;176;8;4;0;5;1
15;Jesús Aguilar;32;MIA;NL;113;456;415;37;98;18;0;15;49;1;0;27;106;0.236;0.286;0.388;0.674;90;161;8;4;0;5;1
16;Jesús Aguilar;32;BAL;AL;16;51;49;2;11;1;0;1;2;0;0;1;13;0.224;0.24;0.306;0.546;56;15;0;0;0;0;0
17;Ryan Aguilar*;27;LAA;AL;7;26;22;2;3;1;0;0;2;0;0;2;14;0.136;0.231;0.182;0.413;19;4;0;1;0;1;0
18;Nick Ahmed;32;ARI;NL;17;54;52;7;12;2;0;3;7;0;1;2;15;0.231;0.259;0.442;0.702;95;23;2;0;0;0;0
19;Hanser Alberto;29;LAD;NL;73;159;156;13;38;9;2;2;15;0;1;3;25;0.244;0.258;0.365;0.623;72;57;7;0;0;0;0
20;Ozzie Albies#;25;ATL;NL;64;269;247;36;61;16;0;8;35;3;5;16;47;0.247;0.294;0.409;0.703;93;101;0;2;0;4;0
21;Sergio Alcántara#;25;TOT;NL;93;224;205;26;45;8;1;6;29;1;2;12;57;0.22;0.261;0.356;0.617;75;73;6;1;2;4;0
22;Sergio Alcántara#;25;ARI;NL;23;57;53;6;10;2;1;1;7;0;0;1;13;0.189;0.2;0.321;0.521;46;17;1;0;1;1;0
23;Sergio Alcántara#;25;SDP;NL;22;38;35;3;4;0;0;0;3;0;2;2;12;0.114;0.158;0.114;0.272;-18;4;0;0;0;1;0
24;Sergio Alcántara#;25;ARI;NL;48;129;117;17;31;6;0;5;19;1;0;9;32;0.265;0.318;0.444;0.762;115;52;5;1;1;2;0
25;Scott Alexander*;32;SFG;NL;1;0;0;0;0;0;0;0;0;0;0;0;0;0;0;0;0;0;0;0;0;0;0;0
26;Jorge Alfaro;29;SDP;NL;82;274;256;25;63;14;0;7;40;1;0;11;98;0.246;0.285;0.383;0.667;93;98;5;4;0;3;0
27;Anthony Alford;27;PIT;NL;2;4;4;0;1;0;0;0;0;0;0;0;2;0.25;0.25;0.25;0.5;42;1;0;0;0;0;0
28;Austin Allen*;28;OAK;AL;5;16;14;1;1;0;0;0;0;0;0;1;9;0.071;0.188;0.071;0.259;-19;1;1;1;0;0;0
29;Greg Allen#;29;PIT;NL;46;134;118;17;22;4;0;2;8;8;2;10;42;0.186;0.26;0.271;0.531;51;32;2;2;3;1;0
30;Nick Allen;23;OAK;AL;100;326;299;31;62;13;0;4;19;3;2;19;64;0.207;0.256;0.291;0.547;61;87;5;1;6;1;0
31;Abraham Almonte#;33;BOS;AL;15;37;35;7;9;2;0;1;2;1;0;1;12;0.257;0.297;0.4;0.697;91;14;1;1;0;0;0
32;Albert Almora;28;CIN;NL;64;235;215;26;48;10;1;5;29;3;2;17;46;0.223;0.282;0.349;0.631;71;75;9;1;1;1;0
33;Pete Alonso;27;NYM;NL;160;685;597;95;162;27;0;40;131;5;1;67;128;0.271;0.352;0.518;0.869;148;309;17;12;0;9;16
34;Jose Altuve;32;HOU;AL;141;604;527;103;158;39;0;28;57;18;1;66;87;0.3;0.387;0.533;0.921;161;281;13;10;0;1;2
35;José Alvarado*;27;PHI;NL;1;1;1;0;0;0;0;0;0;0;0;0;1;0;0;0;0;-100;0;0;0;0;0;0
36;Eddy Alvarez*;32;LAD;NL;14;27;25;1;4;0;0;0;3;1;0;0;9;0.16;0.154;0.16;0.314;-12;4;1;0;1;1;0
37;Francisco Alvarez;20;NYM;NL;5;14;12;3;2;1;0;1;1;0;0;2;4;0.167;0.286;0.5;0.786;122;6;1;0;0;0;0
38;Yordan Alvarez*;25;HOU;AL;135;561;470;95;144;29;2;37;97;1;1;78;106;0.306;0.406;0.613;1.019;188;288;12;6;0;7;9
39;Brian Anderson;29;MIA;NL;98;383;338;43;75;16;1;8;28;1;0;37;101;0.222;0.311;0.346;0.657;88;117;7;7;0;1;2
40;Tim Anderson;29;CHW;AL;79;351;332;50;100;13;0;6;25;13;0;14;55;0.301;0.339;0.395;0.734;109;131;10;5;0;0;1
41;Tyler Anderson*;32;LAD;NL;2;1;1;0;0;0;0;0;0;0;0;0;1;0;0;0;0;-100;0;0;0;0;0;0
42;Elvis Andrus;33;TOT;AL;149;577;535;66;133;32;0;17;58;18;4;39;92;0.249;0.303;0.404;0.707;104;216;11;3;0;0;0
43;Elvis Andrus;33;OAK;AL;106;386;354;41;84;24;0;8;30;7;4;30;62;0.237;0.301;0.373;0.673;97;132;10;2;0;0;0
44;Elvis Andrus;33;CHW;AL;43;191;181;25;49;8;0;9;28;11;0;9;30;0.271;0.309;0.464;0.773;116;84;1;1;0;0;0
45;Miguel Andujar;27;TOT;MLB;36;140;132;13;31;5;1;1;17;4;1;5;27;0.235;0.257;0.311;0.568;62;41;1;0;0;3;0
46;Miguel Andujar;27;NYY;AL;27;100;96;9;22;2;0;1;8;4;0;3;22;0.229;0.25;0.281;0.531;53;27;0;0;0;1;0
47;Miguel Andujar;27;PIT;NL;9;40;36;4;9;3;1;0;9;0;1;2;5;0.25;0.275;0.389;0.664;85;14;1;0;0;2;0
48;Mark Appel;30;PHI;NL;1;0;0;0;0;0;0;0;0;0;0;0;0;0;0;0;0;0;0;0;0;0;0;0
49;Aristides Aquino;28;CIN;NL;80;276;259;24;51;13;0;10;30;2;3;17;101;0.197;0.246;0.363;0.609;64;94;1;0;0;0;0
50;Jonathan Aranda*;24;TBR;AL;32;87;78;10;15;4;0;2;6;0;0;8;23;0.192;0.276;0.321;0.596;74;25;1;1;0;0;1
51;Jonathan Araúz#;23;TOT;AL;15;41;38;3;5;0;0;1;5;0;0;1;12;0.132;0.15;0.211;0.361;2;8;0;0;1;1;0
52;Jonathan Araúz#;23;BOS;AL;6;12;10;1;0;0;0;0;1;0;0;0;3;0;0;0;0;-100;0;0;0;1;1;0
53;Jonathan Araúz#;23;BAL;AL;9;29;28;2;5;0;0;1;4;0;0;1;9;0.179;0.207;0.286;0.493;40;8;0;0;0;0;0
54;Orlando Arcia;27;ATL;NL;67;234;209;25;51;9;0;9;30;0;0;21;51;0.244;0.316;0.416;0.733;102;87;7;2;0;2;0
55;Nolan Arenado;31;STL;NL;148;620;557;73;163;42;1;30;103;5;3;52;72;0.293;0.358;0.533;0.891;151;297;15;7;0;4;3
56;Gabriel Arias;22;CLE;AL;16;57;47;9;9;1;1;1;5;1;0;8;16;0.191;0.321;0.319;0.641;87;15;1;1;1;0;0
57;Randy Arozarena;27;TBR;AL;153;645;586;72;154;41;3;20;89;32;12;46;156;0.263;0.327;0.445;0.773;123;261;17;11;0;2;2
58;Luis Arraez*;25;MIN;AL;144;603;547;88;173;31;1;8;49;4;4;50;43;0.316;0.375;0.42;0.795;127;230;6;3;0;3;2
59;Christian Arroyo;27;BOS;AL;87;300;280;32;80;16;1;6;36;5;1;13;49;0.286;0.322;0.414;0.736;102;116;7;3;2;2;2
60;Willians Astudillo;30;MIA;NL;21;55;54;5;13;0;0;1;4;1;0;1;3;0.241;0.255;0.296;0.551;57;16;2;0;0;0;0
61;José Azocar;26;SDP;NL;98;216;202;24;52;9;3;0;10;5;6;12;44;0.257;0.298;0.332;0.629;84;67;6;0;1;1;0
62;Akil Baddoo*;23;DET;AL;73;225;201;30;41;3;2;2;9;9;6;24;64;0.204;0.289;0.269;0.558;63;54;2;0;0;0;0
63;Harrison Bader;28;TOT;MLB;86;313;292;38;73;10;3;5;30;17;3;15;62;0.25;0.294;0.356;0.65;86;104;4;4;0;2;0
64;Harrison Bader;28;STL;NL;72;264;246;35;63;7;3;5;21;15;2;13;47;0.256;0.303;0.37;0.673;92;91;4;4;0;1;0
65;Harrison Bader;28;NYY;AL;14;49;46;3;10;3;0;0;9;2;1;2;15;0.217;0.245;0.283;0.528;51;13;0;0;0;1;0
66;Ji Hwan Bae*;22;PIT;NL;10;37;33;5;11;3;0;0;6;3;0;2;6;0.333;0.405;0.424;0.83;136;14;0;2;0;0;0
67;Javier Báez;29;DET;AL;144;590;555;64;132;27;4;17;67;9;2;26;147;0.238;0.278;0.393;0.671;92;218;13;6;0;3;1
68;Rylan Bannon;26;TOT;MLB;5;15;14;0;2;0;0;0;0;0;0;0;5;0.143;0.2;0.143;0.343;2;2;0;1;0;0;0
69;Rylan Bannon;26;BAL;AL;4;15;14;0;2;0;0;0;0;0;0;0;5;0.143;0.2;0.143;0.343;2;2;0;1;0;0;0
70;Rylan Bannon;26;ATL;NL;1;0;0;0;0;0;0;0;0;0;0;0;0;0;0;0;0;0;0;0;0;0;0;0
71;Daniel Bard;37;COL;NL;3;0;0;0;0;0;0;0;0;0;0;0;0;0;0;0;0;0;0;0;0;0;0;0
72;Joe Barlow;26;TEX;AL;1;0;0;0;0;0;0;0;0;0;0;0;0;0;0;0;0;0;0;0;0;0;0;0
73;Scott Barlow;29;KCR;AL;3;0;0;0;0;0;0;0;0;0;0;0;0;0;0;0;0;0;0;0;0;0;0;0
74;Austin Barnes;32;LAD;NL;62;212;179;31;38;6;0;8;26;2;1;27;37;0.212;0.324;0.38;0.704;96;68;5;3;2;1;0
75;Tucker Barnhart*;31;DET;AL;94;308;281;16;62;10;0;1;16;0;0;25;74;0.221;0.287;0.267;0.554;62;75;7;1;1;0;0
76;Luis Barrera*;26;OAK;AL;32;85;77;3;18;5;0;1;7;3;0;6;17;0.234;0.294;0.338;0.632;86;26;2;1;0;1;0
77;Tres Barrera;27;WSN;NL;19;53;50;2;9;1;0;0;4;0;0;2;16;0.18;0.212;0.2;0.412;21;10;1;0;1;0;0
78;Jose Barrero;24;CIN;NL;48;174;165;13;25;3;0;2;10;4;1;9;76;0.152;0.195;0.206;0.401;10;34;4;0;0;0;0
79;Joey Bart;25;SFG;NL;97;291;261;34;56;6;0;11;25;2;1;26;112;0.215;0.296;0.364;0.66;86;95;5;4;0;0;0
80;Anthony Bass;34;TOT;MLB;1;0;0;0;0;0;0;0;0;0;0;0;0;0;0;0;0;0;0;0;0;0;0;0
81;Anthony Bass;34;MIA;NL;1;0;0;0;0;0;0;0;0;0;0;0;0;0;0;0;0;0;0;0;0;0;0;0
82;Matthew Batten;27;SDP;NL;15;22;19;0;2;1;0;0;1;0;0;2;6;0.105;0.227;0.158;0.385;16;3;0;1;0;0;0
83;Brett Baty*;22;NYM;NL;11;42;38;4;7;0;0;2;5;0;0;2;8;0.184;0.244;0.342;0.586;67;13;0;1;0;0;0
84;Félix Bautista;27;BAL;AL;4;0;0;0;0;0;0;0;0;0;0;0;0;0;0;0;0;0;0;0;0;0;0;0
85;Matt Beaty*;29;SDP;NL;20;47;43;6;4;1;1;0;1;0;0;2;8;0.093;0.17;0.163;0.333;-2;7;3;2;0;0;0
86;Tim Beckham;32;MIN;AL;12;25;25;1;2;0;0;0;1;0;0;0;9;0.08;0.08;0.08;0.16;-54;2;2;0;0;0;0
87;David Bednar*;27;PIT;NL;1;0;0;0;0;0;0;0;0;0;0;0;0;0;0;0;0;0;0;0;0;0;0;0
88;Seth Beer*;25;ARI;NL;38;126;111;4;21;3;0;1;9;0;0;11;31;0.189;0.278;0.243;0.521;51;27;3;3;0;1;1
89;Josh Bell#;29;TOT;NL;156;647;552;78;147;29;3;17;71;0;1;81;102;0.266;0.362;0.422;0.784;128;233;22;5;0;6;4
90;Josh Bell#;29;WSN;NL;103;437;375;52;113;24;3;14;57;0;1;49;61;0.301;0.384;0.493;0.877;153;185;19;5;0;6;4
91;Josh Bell#;29;SDP;NL;53;210;177;26;34;5;0;3;14;0;0;32;41;0.192;0.316;0.271;0.587;74;48;3;0;0;0;0
92;Andrew Bellatti;30;PHI;NL;1;0;0;0;0;0;0;0;0;0;0;0;0;0;0;0;0;0;0;0;0;0;0;0
93;Cody Bellinger*;26;LAD;NL;144;550;504;70;106;27;3;19;68;14;3;38;150;0.21;0.265;0.389;0.654;80;196;7;2;0;6;0
94;Brandon Belt*;34;SFG;NL;78;298;254;25;54;9;1;8;23;1;0;37;81;0.213;0.326;0.35;0.676;93;89;9;6;0;1;2
95;Anthony Bemboom*;32;BAL;AL;22;59;52;4;6;2;0;1;1;0;0;6;17;0.115;0.207;0.212;0.418;21;11;1;0;1;0;0
96;Andrew Benintendi*;27;TOT;AL;126;521;461;54;140;23;3;5;51;8;3;52;77;0.304;0.373;0.399;0.772;121;184;7;2;1;5;0
97;Andrew Benintendi*;27;KCR;AL;93;390;347;40;111;14;2;3;39;4;2;39;52;0.32;0.387;0.398;0.785;125;138;6;1;0;3;0
98;Andrew Benintendi*;27;NYY;AL;33;131;114;14;29;9;1;2;12;4;1;13;25;0.254;0.331;0.404;0.734;110;46;1;1;1;2;0
99;Will Benson*;24;CLE;AL;28;61;55;8;10;1;0;0;3;0;0;3;19;0.182;0.25;0.2;0.45;33;11;1;2;1;0;0
100;Wynton Bernard;31;COL;NL;12;42;42;9;12;1;0;0;3;3;1;0;8;0.286;0.286;0.31;0.595;60;13;1;0;0;0;0
101;Jon Berti;32;MIA;NL;102;404;358;47;86;17;3;4;28;41;5;42;89;0.24;0.324;0.338;0.662;90;121;6;3;0;1;0
102;Christian Bethancourt;30;TOT;AL;100;333;318;39;80;17;0;11;34;5;1;12;80;0.252;0.283;0.409;0.692;100;130;6;2;1;0;0
103;Christian Bethancourt;30;OAK;AL;56;182;169;23;42;11;0;4;19;4;1;10;41;0.249;0.298;0.385;0.683;100;65;3;2;1;0;0
104;Christian Bethancourt;30;TBR;AL;44;151;149;16;38;6;0;7;15;1;0;2;39;0.255;0.265;0.436;0.701;100;65;3;0;0;0;0
105;Mookie Betts;29;LAD;NL;142;639;572;117;154;40;3;35;82;12;2;55;104;0.269;0.34;0.533;0.873;139;305;8;8;0;4;0
106;Bo Bichette;24;TOR;AL;159;697;652;91;189;43;1;24;93;13;8;41;155;0.29;0.333;0.469;0.802;129;306;21;2;0;2;0
107;Phil Bickford;26;LAD;NL;2;0;0;0;0;0;0;0;0;0;0;0;0;0;0;0;0;0;0;0;0;0;0;0
108;Cavan Biggio*;27;TOR;AL;97;303;257;43;52;18;1;6;24;2;0;38;85;0.202;0.318;0.35;0.668;94;90;2;6;1;1;0
109;Charlie Blackmon*;35;COL;NL;135;577;530;60;140;22;6;16;78;4;1;32;109;0.264;0.314;0.419;0.733;95;222;10;8;4;3;4
110;Dairon Blanco;29;KCR;AL;5;7;7;1;2;0;0;0;2;1;0;0;4;0.286;0.286;0.286;0.571;64;2;0;0;0;0;0
111;Travis Blankenhorn*;25;NYM;NL;1;3;3;0;0;0;0;0;0;0;0;0;1;0;0;0;0;-100;0;0;0;0;0;0
112;JJ Bleday*;24;MIA;NL;65;238;204;21;34;10;2;5;16;4;1;30;67;0.167;0.277;0.309;0.586;67;63;5;2;0;2;0
113;Richard Bleier*;35;MIA;NL;1;0;0;0;0;0;0;0;0;0;0;0;0;0;0;0;0;0;0;0;0;0;0;0
114;Xander Bogaerts;29;BOS;AL;150;631;557;84;171;38;0;15;73;8;2;57;118;0.307;0.377;0.456;0.833;130;254;14;10;0;7;2
115;Alec Bohm;25;PHI;NL;152;631;586;79;164;24;3;13;72;2;3;31;110;0.28;0.315;0.398;0.713;101;233;18;4;0;10;1
116;Ronald Bolaños;25;KCR;AL;1;0;0;0;0;0;0;0;0;0;0;0;0;0;0;0;0;0;0;0;0;0;0;0
117;Skye Bolt#;28;OAK;AL;42;116;106;10;21;2;0;4;13;5;0;7;30;0.198;0.259;0.33;0.589;72;35;1;2;0;1;0
118;David Bote;29;CHC;NL;41;127;116;15;30;8;0;4;12;1;0;6;45;0.259;0.315;0.431;0.746;108;50;3;4;0;1;0
119;Sean Bouchard;26;COL;NL;27;97;74;9;22;6;0;3;11;0;0;21;25;0.297;0.454;0.5;0.954;157;37;1;1;0;1;0
120;Bobby Bradley*;26;CLE;AL;8;17;17;1;2;0;0;0;0;0;0;0;9;0.118;0.118;0.118;0.235;-31;2;0;0;0;0;0
121;Jackie Bradley Jr.*;32;TOT;AL;131;370;344;30;70;23;1;4;38;2;3;24;77;0.203;0.255;0.311;0.566;58;107;5;0;2;0;0
122;Jackie Bradley Jr.*;32;BOS;AL;91;290;271;21;57;19;1;3;29;2;3;17;58;0.21;0.257;0.321;0.578;59;87;3;0;2;0;0
123;Jackie Bradley Jr.*;32;TOR;AL;40;80;73;9;13;4;0;1;9;0;0;7;19;0.178;0.25;0.274;0.524;52;20;2;0;0;0;0
124;Michael Brantley*;35;HOU;AL;64;277;243;28;70;14;1;5;26;1;1;31;30;0.288;0.37;0.416;0.785;126;101;1;1;1;1;2
125;Rob Brantly*;32;NYY;AL;1;3;3;0;1;1;0;0;0;0;0;0;0;0.333;0.333;0.667;1;178;2;0;0;0;0;0
126;Matt Brash;24;SEA;AL;1;0;0;0;0;0;0;0;0;0;0;0;0;0;0;0;0;0;0;0;0;0;0;0
127;Alex Bregman;28;HOU;AL;155;656;548;93;142;38;0;23;93;1;2;87;77;0.259;0.366;0.454;0.82;134;249;18;11;0;10;1
128;Will Brennan*;24;CLE;AL;11;45;42;6;15;1;1;1;8;2;1;2;4;0.357;0.4;0.5;0.9;159;21;0;1;0;0;1
129;Jonah Bride;26;OAK;AL;58;187;162;17;33;4;0;1;6;1;0;19;32;0.204;0.301;0.247;0.548;65;40;4;4;1;1;0
130;Lewis Brinson;28;SFG;NL;16;39;36;5;6;2;0;3;4;1;0;2;14;0.167;0.211;0.472;0.683;87;17;0;0;1;0;0
131;Mike Brosseau;28;MIL;NL;69;160;141;15;36;5;0;6;23;2;0;14;48;0.255;0.344;0.418;0.762;116;59;0;5;0;0;0
132;Seth Brown*;29;OAK;AL;150;555;500;55;115;26;3;25;73;11;2;51;146;0.23;0.305;0.444;0.749;117;222;7;3;0;1;3
133;Justin Bruihl*;25;LAD;NL;1;0;0;0;0;0;0;0;0;0;0;0;0;0;0;0;0;0;0;0;0;0;0;0
134;Vidal Bruján#;24;TBR;AL;52;162;147;13;24;5;0;3;16;5;5;12;37;0.163;0.228;0.259;0.487;42;38;2;1;0;2;0
135;Kris Bryant;30;COL;NL;42;181;160;28;49;12;0;5;14;0;0;17;27;0.306;0.376;0.475;0.851;127;76;7;2;0;2;0
136;Aaron Bummer*;28;CHW;AL;1;0;0;0;0;0;0;0;0;0;0;0;0;0;0;0;0;0;0;0;0;0;0;0
137;Peyton Burdick;25;MIA;NL;32;102;92;8;19;4;0;4;11;1;0;8;35;0.207;0.284;0.38;0.665;88;35;1;2;0;0;0
138;Jake Burger;26;CHW;AL;51;183;168;20;42;9;1;8;26;0;0;10;56;0.25;0.302;0.458;0.761;113;77;7;3;1;1;1
139;Alec Burleson*;23;STL;NL;16;53;48;4;9;1;0;1;3;1;0;5;9;0.188;0.264;0.271;0.535;54;13;1;0;0;0;0
140;Byron Buxton;28;MIN;AL;92;382;340;61;76;13;3;28;51;6;0;34;116;0.224;0.306;0.526;0.833;132;179;0;7;0;1;0
141;Miguel Cabrera;39;DET;AL;112;433;397;25;101;10;0;5;43;1;0;28;101;0.254;0.305;0.317;0.622;81;126;11;3;0;5;3
142;Oswaldo Cabrera#;23;NYY;AL;44;171;154;21;38;8;1;6;19;3;2;15;44;0.247;0.312;0.429;0.74;110;66;1;0;1;1;0
143;Lorenzo Cain;36;MIL;NL;43;156;145;17;26;5;0;1;9;2;2;8;36;0.179;0.231;0.234;0.465;33;34;4;2;0;1;0
144;Kole Calhoun*;34;TEX;AL;125;424;388;36;76;14;1;12;49;3;2;27;136;0.196;0.257;0.33;0.587;66;128;6;6;0;3;0
145;Willie Calhoun*;27;TOT;MLB;22;62;52;7;7;3;0;1;3;0;0;9;8;0.135;0.274;0.25;0.524;51;13;2;1;0;0;0
146;Willie Calhoun*;27;TEX;AL;18;53;44;7;6;3;0;1;2;0;0;8;6;0.136;0.283;0.273;0.556;60;12;1;1;0;0;0
147;Willie Calhoun*;27;SFG;NL;4;9;8;0;1;0;0;0;1;0;0;1;2;0.125;0.222;0.125;0.347;3;1;1;0;0;0;0
148;Alex Call;27;TOT;MLB;47;131;114;18;27;3;1;5;13;3;3;15;30;0.237;0.336;0.412;0.748;116;47;2;2;0;0;0
149;Alex Call;27;CLE;AL;12;16;12;2;2;0;0;0;0;0;0;4;4;0.167;0.375;0.167;0.542;65;2;0;0;0;0;0
150;Alex Call;27;WSN;NL;35;115;102;16;25;3;1;5;13;3;3;11;26;0.245;0.33;0.441;0.772;122;45;2;2;0;0;0
151;Johan Camargo#;28;PHI;NL;52;166;152;8;36;3;0;3;15;0;0;13;37;0.237;0.297;0.316;0.613;75;48;1;0;1;0;0
152;Daz Cameron;25;DET;AL;21;70;64;6;14;3;1;1;8;2;0;5;20;0.219;0.286;0.344;0.629;82;22;1;1;0;0;0
153;Luis Campusano;23;SDP;NL;16;50;48;4;12;1;0;1;5;0;0;1;11;0.25;0.26;0.333;0.593;72;16;2;0;0;1;0
154;Jeimer Candelario#;28;DET;AL;124;467;429;49;93;19;2;13;50;0;1;28;109;0.217;0.272;0.361;0.633;82;155;9;6;0;4;1
155;Mark Canha;33;NYM;NL;140;542;462;71;123;24;0;13;61;3;1;48;97;0.266;0.367;0.403;0.77;123;186;3;28;0;4;1
156;Robinson Canó*;39;TOT;NL;33;104;100;5;15;1;0;1;4;0;0;4;25;0.15;0.183;0.19;0.373;8;19;2;0;0;0;0
157;Robinson Canó*;39;NYM;NL;12;43;41;3;8;0;0;1;3;0;0;2;11;0.195;0.233;0.268;0.501;45;11;0;0;0;0;0
158;Robinson Canó*;39;SDP;NL;12;34;33;1;3;0;0;0;1;0;0;1;10;0.091;0.118;0.091;0.209;-38;3;0;0;0;0;0
159;Robinson Canó*;39;ATL;NL;9;27;26;1;4;1;0;0;0;0;0;1;4;0.154;0.185;0.192;0.377;6;5;2;0;0;0;0
160;Conner Capel*;25;TOT;MLB;22;59;52;7;16;0;1;3;11;1;1;5;10;0.308;0.356;0.519;0.875;152;27;2;0;0;2;0
161;Conner Capel*;25;STL;NL;9;19;17;1;3;0;0;1;2;0;0;1;2;0.176;0.211;0.353;0.563;58;6;0;0;0;1;0
162;Conner Capel*;25;OAK;AL;13;40;35;6;13;0;1;2;9;1;1;4;8;0.371;0.425;0.6;1.025;198;21;2;0;0;1;0
163;Vinny Capra;25;TOR;AL;8;7;5;2;1;0;0;0;0;0;0;2;1;0.2;0.429;0.2;0.629;91;1;0;0;0;0;0
164;Victor Caratini#;28;MIL;NL;95;314;272;26;54;12;0;9;34;0;0;31;67;0.199;0.3;0.342;0.642;82;93;11;9;1;1;1
165;Dylan Carlson#;23;STL;NL;128;488;432;56;102;30;4;8;42;5;2;45;94;0.236;0.316;0.38;0.695;99;164;6;7;0;4;1
166;Kerry Carpenter*;24;DET;AL;31;113;103;16;26;4;1;6;10;0;0;6;32;0.252;0.31;0.485;0.795;126;50;0;3;0;1;0
167;Matt Carpenter*;36;NYY;AL;47;154;128;28;39;9;0;15;37;0;0;19;35;0.305;0.412;0.727;1.138;219;93;2;5;1;1;1
168;Corbin Carroll*;21;ARI;NL;32;115;104;13;27;9;2;4;14;2;1;8;31;0.26;0.33;0.5;0.83;133;52;1;3;0;0;0
169;Curt Casali;33;TOT;MLB;57;176;148;20;30;4;0;5;17;0;0;24;50;0.203;0.318;0.331;0.649;87;49;1;2;0;2;0
170;Curt Casali;33;SFG;NL;41;126;108;13;25;3;0;4;14;0;0;15;36;0.231;0.325;0.37;0.696;98;40;1;1;0;2;0
171;Curt Casali;33;SEA;AL;16;50;40;7;5;1;0;1;3;0;0;9;14;0.125;0.3;0.225;0.525;57;9;0;1;0;0;0
172;Triston Casas*;22;BOS;AL;27;95;76;11;15;1;0;5;12;1;0;19;23;0.197;0.358;0.408;0.766;112;31;4;0;0;0;0
173;Nick Castellanos;30;PHI;NL;136;558;524;56;138;27;0;13;62;7;1;29;130;0.263;0.305;0.389;0.694;96;204;15;3;0;2;0
174;Diego Castillo;28;SEA;AL;2;0;0;0;0;0;0;0;0;0;0;0;0;0;0;0;0;0;0;0;0;0;0;0
175;Diego Castillo;24;PIT;NL;96;283;262;28;54;13;0;11;29;1;1;14;75;0.206;0.251;0.382;0.633;76;100;7;3;0;4;1
176;Harold Castro*;28;DET;AL;120;443;420;37;114;21;2;7;47;0;1;17;79;0.271;0.3;0.381;0.681;96;160;5;1;3;2;1
177;Jason Castro*;35;HOU;AL;34;88;78;6;9;2;0;1;3;1;0;8;40;0.115;0.205;0.179;0.384;12;14;1;1;0;1;0
178;Rodolfo Castro#;23;PIT;NL;71;278;253;25;59;8;4;11;27;5;3;22;74;0.233;0.299;0.427;0.725;102;108;6;2;0;1;0
179;Willi Castro#;25;DET;AL;112;392;365;47;88;18;2;8;31;9;4;15;82;0.241;0.284;0.367;0.651;87;134;4;8;1;3;0
180;Jake Cave*;29;MIN;AL;54;177;164;17;35;7;3;5;20;2;0;11;49;0.213;0.26;0.384;0.644;81;63;2;0;0;2;0
181;Gilberto Celestino;23;MIN;AL;122;347;311;30;74;12;1;2;24;4;1;32;77;0.238;0.313;0.302;0.615;78;94;13;2;2;0;0
182;Yu Chang;26;TOT;MLB;69;190;168;19;35;6;0;4;15;0;1;16;59;0.208;0.289;0.315;0.605;74;53;5;4;0;2;0
183;Yu Chang;26;TOT;AL;51;141;126;14;28;5;0;3;13;0;0;12;41;0.222;0.291;0.333;0.624;80;42;4;1;0;2;0
184;Yu Chang;26;CLE;AL;4;10;10;0;0;0;0;0;0;0;0;0;7;0;0;0;0;-100;0;0;0;0;0;0
185;Yu Chang;26;PIT;NL;18;49;42;5;7;1;0;1;2;0;1;4;18;0.167;0.286;0.262;0.548;57;11;1;3;0;0;0
186;Yu Chang;26;TBR;AL;36;105;96;11;25;3;0;3;12;0;0;7;27;0.26;0.305;0.385;0.69;100;37;3;0;0;2;0
187;Yu Chang;26;BOS;AL;11;26;20;3;3;2;0;0;1;0;0;5;7;0.15;0.346;0.25;0.596;69;5;1;1;0;0;0
188;Matt Chapman;29;TOR;AL;155;621;538;83;123;27;1;27;76;2;2;68;170;0.229;0.324;0.433;0.757;117;233;7;10;0;5;1
189;Michael Chavis;26;PIT;NL;129;426;401;39;92;16;3;14;49;1;1;19;126;0.229;0.265;0.389;0.654;82;156;4;2;0;4;1
190;Robinson Chirinos;38;BAL;AL;67;220;195;10;35;9;0;4;22;1;0;19;67;0.179;0.265;0.287;0.552;60;56;4;4;1;1;0
191;Jazz Chisholm Jr.*;24;MIA;NL;60;241;213;39;54;10;4;14;45;12;5;21;66;0.254;0.325;0.535;0.86;140;114;0;3;0;3;0
192;Ji Man Choi*;31;TBR;AL;113;419;356;36;83;22;0;11;52;0;0;58;123;0.233;0.341;0.388;0.729;113;138;3;2;0;3;3
193;Taylor Clarke;29;KCR;AL;4;0;0;0;0;0;0;0;0;0;0;0;0;0;0;0;0;0;0;0;0;0;0;0
194;Kody Clemens*;26;DET;AL;56;127;117;13;17;4;0;5;17;1;0;8;33;0.145;0.197;0.308;0.505;43;36;1;0;0;2;0
195;Ernie Clement;26;TOT;AL;69;179;163;19;30;4;0;0;6;0;1;11;26;0.184;0.243;0.209;0.452;33;34;3;2;2;1;0
196;Ernie Clement;26;CLE;AL;63;161;145;18;29;3;0;0;6;0;1;11;24;0.2;0.264;0.221;0.485;43;32;3;2;2;1;0
197;Ernie Clement;26;OAK;AL;6;18;18;1;1;1;0;0;0;0;0;0;2;0.056;0.056;0.111;0.167;-52;2;0;0;0;0;0
198;Dylan Coleman;25;KCR;AL;4;0;0;0;0;0;0;0;0;0;0;0;0;0;0;0;0;0;0;0;0;0;0;0
199;Zack Collins*;27;TOT;MLB;36;108;97;9;15;4;0;4;11;0;0;9;41;0.155;0.231;0.32;0.551;57;31;0;1;0;1;0
200;Zack Collins*;27;TOR;AL;26;79;72;7;14;4;0;4;10;0;0;6;31;0.194;0.266;0.417;0.682;94;30;0;1;0;0;0
201;Zack Collins*;27;PIT;NL;10;29;25;2;1;0;0;0;1;0;0;3;10;0.04;0.138;0.04;0.178;-46;1;0;0;0;1;0
202;Alex Colomé;33;COL;NL;1;0;0;0;0;0;0;0;0;0;0;0;0;0;0;0;0;0;0;0;0;0;0;0
203;Mark Contreras*;27;MIN;AL;28;61;58;9;7;1;0;3;6;1;0;1;21;0.121;0.148;0.293;0.441;22;17;2;1;0;1;0
204;William Contreras;24;ATL;NL;97;376;334;51;93;14;1;20;45;2;0;39;104;0.278;0.354;0.506;0.86;136;169;5;1;0;2;1
205;Willson Contreras;30;CHC;NL;113;487;416;65;101;23;2;22;55;4;2;45;103;0.243;0.349;0.466;0.815;127;194;14;24;0;2;0
206;Garrett Cooper;31;MIA;NL;119;469;414;37;108;33;2;9;50;0;0;40;119;0.261;0.337;0.415;0.752;114;172;6;10;0;5;0
207;Franchy Cordero*;27;BOS;AL;84;275;242;36;53;17;1;8;29;4;1;28;92;0.219;0.3;0.397;0.697;91;96;1;1;2;2;1
208;Carlos Correa;27;MIN;AL;136;590;522;70;152;24;1;22;64;0;1;61;121;0.291;0.366;0.467;0.834;137;244;18;3;0;4;2
209;Brandon Crawford*;35;SFG;NL;118;458;407;50;94;15;2;9;52;1;1;39;98;0.231;0.308;0.344;0.652;85;140;12;8;0;4;3
210;J.P. Crawford*;27;SEA;AL;145;603;518;57;126;24;3;6;42;3;2;68;80;0.243;0.339;0.336;0.675;99;174;11;10;2;5;0
211;C.J. Cron;32;COL;NL;150;632;575;79;148;28;3;29;102;0;0;43;164;0.257;0.315;0.468;0.783;107;269;16;8;0;5;6
212;Jake Cronenworth*;28;SDP;NL;158;684;587;88;140;30;4;17;88;3;0;70;131;0.239;0.332;0.39;0.722;110;229;2;16;0;8;3
213;Narciso Crook;26;CHC;NL;4;9;8;1;2;1;0;0;2;0;0;0;3;0.25;0.222;0.375;0.597;64;3;1;0;0;1;0
214;Nelson Cruz;41;WSN;NL;124;507;448;50;105;16;0;10;64;4;0;49;119;0.234;0.313;0.337;0.651;90;151;16;4;0;3;1
215;Oneil Cruz*;23;PIT;NL;87;361;331;45;77;13;4;17;54;10;4;28;126;0.233;0.294;0.45;0.744;107;149;3;1;0;1;1
216;Charlie Culberson;33;TEX;AL;68;124;115;19;29;6;0;2;12;2;3;5;31;0.252;0.283;0.357;0.64;81;41;5;0;4;0;0
217;Travis d'Arnaud;33;ATL;NL;107;426;396;61;106;25;1;18;60;0;0;19;90;0.268;0.319;0.472;0.791;117;187;12;11;0;0;0
218;Bobby Dalbec;27;BOS;AL;117;353;317;40;68;9;2;12;39;3;0;29;118;0.215;0.283;0.369;0.652;79;117;5;3;0;4;0
219;Matt Davidson;31;TOT;MLB;13;37;34;3;5;0;0;2;3;0;1;3;13;0.147;0.216;0.324;0.54;55;11;0;0;0;0;0
220;Matt Davidson;31;ARI;NL;5;13;10;1;1;0;0;1;1;0;0;3;3;0.1;0.308;0.4;0.708;100;4;0;0;0;0;0
221;Matt Davidson;31;OAK;AL;8;24;24;2;4;0;0;1;2;0;1;0;10;0.167;0.167;0.292;0.458;32;7;0;0;0;0;0
222;Brendon Davis;24;DET;AL;3;11;10;2;2;0;0;0;0;1;0;1;3;0.2;0.273;0.2;0.473;40;2;0;0;0;0;0
223;J.D. Davis;29;TOT;NL;115;365;318;46;79;16;1;12;35;1;1;39;122;0.248;0.34;0.418;0.758;116;133;13;6;0;2;1
224;J.D. Davis;29;NYM;NL;66;207;181;26;43;8;1;4;21;1;1;20;66;0.238;0.324;0.359;0.683;98;65;9;4;0;2;0
225;J.D. Davis;29;SFG;NL;49;158;137;20;36;8;0;8;14;0;0;19;56;0.263;0.361;0.496;0.857;141;68;4;2;0;0;1
226;Jaylin Davis;27;BOS;AL;12;27;24;4;8;1;0;0;2;0;0;3;11;0.333;0.407;0.375;0.782;119;9;0;0;0;0;0
227;Jonathan Davis;30;MIL;NL;37;91;76;9;17;1;0;0;4;7;1;14;26;0.224;0.344;0.237;0.581;70;18;1;0;1;0;0
228;Ronnie Dawson*;27;CIN;NL;1;3;3;0;0;0;0;0;0;0;0;0;2;0;0;0;0;-100;0;0;0;0;0;0
229;Yonathan Daza;28;COL;NL;113;408;372;56;112;21;2;2;34;0;3;26;58;0.301;0.349;0.384;0.733;97;143;12;4;1;5;0
230;Bryan De La Cruz;25;MIA;NL;115;355;329;38;83;20;0;13;43;4;0;19;90;0.252;0.294;0.432;0.725;104;142;8;2;0;4;0
231;Enyel De Los Santos;26;CLE;AL;1;0;0;0;0;0;0;0;0;0;0;0;0;0;0;0;0;0;0;0;0;0;0;0
232;Austin Dean;28;SFG;NL;3;9;8;1;3;0;0;0;0;0;0;1;0;0.375;0.444;0.375;0.819;137;3;0;0;0;0;0
233;Paul DeJong;28;STL;NL;77;237;210;19;33;9;0;6;25;3;2;21;79;0.157;0.245;0.286;0.53;52;60;2;4;0;2;0
234;Jason Delay;27;PIT;NL;57;167;155;17;33;6;0;1;11;0;2;9;50;0.213;0.265;0.271;0.536;53;42;4;2;1;0;0
235;Ben DeLuzio;27;STL;NL;22;25;20;3;3;1;0;0;0;0;1;3;5;0.15;0.292;0.2;0.492;45;4;0;1;1;0;0
236;Travis Demeritte;27;ATL;NL;26;96;89;9;19;2;0;3;6;0;0;6;32;0.213;0.26;0.337;0.597;65;30;2;0;0;1;0
237;Rafael Devers*;25;BOS;AL;141;614;555;84;164;42;1;27;88;3;1;50;114;0.295;0.358;0.521;0.879;140;289;14;6;0;3;11
238;Aledmys Díaz;31;HOU;AL;92;327;305;35;74;13;0;12;38;1;1;18;53;0.243;0.287;0.403;0.691;96;123;7;2;0;2;0
239;Edwin Díaz;28;NYM;NL;2;0;0;0;0;0;0;0;0;0;0;0;0;0;0;0;0;0;0;0;0;0;0;0
240;Elias Díaz;31;COL;NL;105;381;351;29;80;18;2;9;51;0;1;25;82;0.228;0.281;0.368;0.648;73;129;8;2;0;3;0
241;Jordan Diaz;21;OAK;AL;15;51;49;3;13;3;0;0;1;0;0;2;7;0.265;0.294;0.327;0.621;83;16;1;0;0;0;0
242;Lewin Díaz*;25;MIA;NL;58;174;160;12;27;4;0;5;11;1;0;11;54;0.169;0.224;0.288;0.512;45;46;3;1;0;2;0
243;Yainer Diaz;23;HOU;AL;6;9;8;0;1;1;0;0;1;0;0;1;2;0.125;0.222;0.25;0.472;36;2;0;0;0;0;0
244;Yandy Díaz;30;TBR;AL;137;558;473;71;140;33;0;9;57;3;3;78;60;0.296;0.401;0.423;0.824;142;200;10;6;0;1;2
245;Yusniel Diaz;25;BAL;AL;1;1;1;0;0;0;0;0;0;0;0;0;1;0;0;0;0;-100;0;0;0;0;0;0
246;Alex Dickerson*;32;ATL;NL;13;36;33;3;4;0;0;1;2;0;0;3;9;0.121;0.194;0.212;0.407;13;7;3;0;0;0;0
247;Corey Dickerson*;33;STL;NL;96;297;281;28;75;17;1;6;36;0;0;12;48;0.267;0.3;0.399;0.698;98;112;4;2;0;2;1
248;Wilmer Difo#;30;ARI;NL;3;6;6;0;0;0;0;0;0;0;0;0;1;0;0;0;0;-100;0;0;0;0;0;0
249;Brandon Dixon;30;SDP;NL;5;14;14;1;3;1;0;0;1;0;0;0;5;0.214;0.214;0.286;0.5;45;4;1;0;0;0;0
250;Josh Donaldson;36;NYY;AL;132;546;478;59;106;28;0;15;62;2;2;54;148;0.222;0.308;0.374;0.682;95;179;13;8;0;6;1
251;Brendan Donovan*;25;STL;NL;126;468;391;64;110;21;1;5;45;2;3;60;70;0.281;0.394;0.379;0.773;124;148;8;14;1;2;1
252;Jeter Downs;23;BOS;AL;14;41;39;4;6;1;0;1;4;0;0;1;21;0.154;0.171;0.256;0.427;16;10;0;0;0;1;0
253;Hunter Dozier;30;KCR;AL;128;500;462;51;109;26;4;12;41;4;3;34;125;0.236;0.292;0.387;0.679;92;179;14;3;0;1;0
254;Brandon Drury;29;TOT;NL;138;568;518;87;136;31;2;28;87;2;3;38;126;0.263;0.32;0.492;0.813;122;255;8;8;0;4;0
255;Brandon Drury;29;CIN;NL;92;385;350;62;96;22;2;20;59;2;2;29;84;0.274;0.335;0.52;0.855;129;182;6;4;0;2;0
256;Brandon Drury;29;SDP;NL;46;183;168;25;40;9;0;8;28;0;1;9;42;0.238;0.29;0.435;0.724;108;73;2;4;0;2;0
257;Mauricio Dubón;27;TOT;MLB;104;265;243;31;52;9;0;5;24;2;3;13;30;0.214;0.252;0.313;0.565;61;76;7;1;3;5;0
258;Mauricio Dubón;27;SFG;NL;21;49;46;10;11;1;0;2;8;0;0;1;4;0.239;0.245;0.391;0.636;77;18;0;0;0;2;0
259;Mauricio Dubón;27;HOU;AL;83;216;197;21;41;8;0;3;16;2;3;12;26;0.208;0.254;0.294;0.548;57;58;7;1;3;3;0
260;Tyler Duffey;31;MIN;AL;2;0;0;0;0;0;0;0;0;0;0;0;0;0;0;0;0;0;0;0;0;0;0;0
261;Matt Duffy;31;LAA;AL;77;247;228;14;57;8;0;2;16;0;0;17;50;0.25;0.308;0.311;0.619;77;71;6;2;0;0;0
262;Steven Duggar*;28;TOT;MLB;29;80;72;7;11;3;1;0;4;5;1;7;41;0.153;0.225;0.222;0.447;28;16;0;0;0;1;0
263;Steven Duggar*;28;TOT;AL;17;41;36;5;4;0;1;0;0;1;1;5;25;0.111;0.22;0.167;0.386;12;6;0;0;0;0;0
264;Steven Duggar*;28;SFG;NL;12;39;36;2;7;3;0;0;4;4;0;2;16;0.194;0.231;0.278;0.509;44;10;0;0;0;1;0
265;Steven Duggar*;28;TEX;AL;8;19;17;2;3;0;0;0;0;1;1;2;12;0.176;0.263;0.176;0.44;29;3;0;0;0;0;0
266;Steven Duggar*;28;LAA;AL;9;22;19;3;1;0;1;0;0;0;0;3;13;0.053;0.182;0.158;0.34;-2;3;0;0;0;0;0
267;Joe Dunand;26;MIA;NL;3;11;10;2;3;1;0;1;1;0;0;0;3;0.3;0.364;0.7;1.064;194;7;0;1;0;0;0
268;Ezequiel Duran;23;TEX;AL;58;220;208;25;49;10;1;5;25;4;1;12;54;0.236;0.277;0.365;0.643;81;76;3;0;0;0;0
269;Jarren Duran*;25;BOS;AL;58;223;204;23;45;14;3;3;17;7;1;14;63;0.221;0.283;0.363;0.645;77;74;1;4;0;1;0
270;Jhoan Duran;24;MIN;AL;3;0;0;0;0;0;0;0;0;0;0;0;0;0;0;0;0;0;0;0;0;0;0;0
271;Adam Duvall;33;ATL;NL;86;315;287;39;61;16;1;12;36;0;2;21;101;0.213;0.276;0.401;0.677;86;115;2;5;0;2;0
272;Nate Eaton;25;KCR;AL;44;122;106;16;28;4;3;1;12;11;1;10;30;0.264;0.331;0.387;0.717;104;41;2;2;1;3;0
273;Tommy Edman#;27;STL;NL;153;630;577;95;153;31;4;13;57;32;3;46;111;0.265;0.324;0.4;0.725;107;231;10;5;1;1;2
274;Drew Ellis;26;TOT;MLB;7;17;16;2;3;1;0;0;1;0;0;1;7;0.188;0.235;0.25;0.485;40;4;0;0;0;0;0
275;Drew Ellis;26;ARI;NL;6;14;13;2;2;1;0;0;1;0;0;1;6;0.154;0.214;0.231;0.445;27;3;0;0;0;0;0
276;Drew Ellis;26;SEA;AL;1;3;3;0;1;0;0;0;0;0;0;0;1;0.333;0.333;0.333;0.667;96;1;0;0;0;0;0
277;Jerar Encarnación;24;MIA;NL;23;81;77;7;14;3;0;3;14;2;0;3;32;0.182;0.21;0.338;0.548;53;26;3;0;0;1;0
278;Adam Engel;30;CHW;AL;119;260;245;32;55;13;1;2;17;12;4;11;76;0.224;0.269;0.31;0.579;65;76;2;4;0;0;1
279;Alcides Escobar;35;WSN;NL;40;131;124;12;27;4;2;0;8;1;1;5;32;0.218;0.26;0.282;0.542;58;35;1;2;0;0;0
280;Eduardo Escobar#;33;NYM;NL;136;542;495;58;119;26;4;20;69;0;2;40;129;0.24;0.295;0.43;0.726;107;213;4;1;0;6;3
281;Santiago Espinal;27;TOR;AL;135;491;449;51;120;25;0;7;51;6;6;36;68;0.267;0.322;0.37;0.692;100;166;12;2;1;3;1
282;Carlos Estévez;29;COL;NL;1;0;0;0;0;0;0;0;0;0;0;0;0;0;0;0;0;0;0;0;0;0;0;0
283;Thairo Estrada;26;SFG;NL;140;541;488;71;127;22;2;14;62;21;6;33;89;0.26;0.322;0.4;0.722;104;195;10;14;1;5;0
284;Stuart Fairchild;26;TOT;MLB;46;110;97;14;24;4;1;5;6;0;2;8;34;0.247;0.336;0.464;0.8;117;45;1;5;0;0;0
285;Stuart Fairchild;26;TOT;NL;43;107;94;14;24;4;1;5;6;0;2;8;32;0.255;0.346;0.479;0.825;123;45;1;5;0;0;0
286;Stuart Fairchild;26;SEA;AL;3;3;3;0;0;0;0;0;0;0;0;0;2;0;0;0;0;-100;0;0;0;0;0;0
287;Stuart Fairchild;26;SFG;NL;5;8;8;1;0;0;0;0;0;0;0;0;3;0;0;0;0;-100;0;0;0;0;0;0
288;Stuart Fairchild;26;CIN;NL;38;99;86;13;24;4;1;5;6;0;2;8;29;0.279;0.374;0.523;0.897;142;45;1;5;0;0;0
289;Jeurys Familia;32;TOT;MLB;1;0;0;0;0;0;0;0;0;0;0;0;0;0;0;0;0;0;0;0;0;0;0;0
290;Jeurys Familia;32;PHI;NL;1;0;0;0;0;0;0;0;0;0;0;0;0;0;0;0;0;0;0;0;0;0;0;0
291;Kyle Farmer;31;CIN;NL;145;583;526;58;134;25;1;14;78;4;3;33;99;0.255;0.315;0.386;0.701;90;203;20;16;2;6;0
292;Mario Feliciano;23;MIL;NL;2;5;4;0;1;0;0;0;0;0;0;1;1;0.25;0.4;0.25;0.65;91;1;0;0;0;0;0
293;Freddy Fermin;27;KCR;AL;3;7;7;1;0;0;0;0;0;0;1;0;3;0;0;0;0;-100;0;0;0;0;0;0
294;David Fletcher;28;LAA;AL;61;228;216;20;55;9;1;2;17;1;0;7;16;0.255;0.288;0.333;0.621;76;72;6;3;2;0;0
295;Wilmer Flores;30;SFG;NL;151;602;525;72;120;28;1;19;71;0;0;59;103;0.229;0.316;0.394;0.71;101;207;7;11;0;7;1
296;Estevan Florial*;24;NYY;AL;17;35;31;4;3;0;0;0;1;2;0;3;13;0.097;0.2;0.097;0.297;-11;3;0;1;0;0;0
297;Dylan Floro*;31;MIA;NL;1;0;0;0;0;0;0;0;0;0;0;0;0;0;0;0;0;0;0;0;0;0;0;0
298;Mike Ford*;29;TOT;MLB;50;149;131;9;27;5;0;3;10;0;0;17;40;0.206;0.302;0.313;0.615;76;41;1;1;0;0;0
299;Mike Ford*;29;TOT;AL;44;137;120;9;26;5;0;3;8;0;0;16;38;0.217;0.314;0.333;0.647;86;40;1;1;0;0;0
300;Mike Ford*;29;TOT;NL;6;12;11;0;1;0;0;0;2;0;0;1;2;0.091;0.167;0.091;0.258;-25;1;0;0;0;0;0
301;Mike Ford*;29;SFG;NL;1;4;4;0;1;0;0;0;2;0;0;0;0;0.25;0.25;0.25;0.5;43;1;0;0;0;0;0
302;Mike Ford*;29;SEA;AL;16;38;29;1;5;1;0;0;3;0;0;8;12;0.172;0.368;0.207;0.575;75;6;0;1;0;0;0
303;Mike Ford*;29;ATL;NL;5;8;7;0;0;0;0;0;0;0;0;1;2;0;0.125;0;0.125;-61;0;0;0;0;0;0
304;Mike Ford*;29;LAA;AL;28;99;91;8;21;4;0;3;5;0;0;8;26;0.231;0.293;0.374;0.667;88;34;1;0;0;0;0
305;Nick Fortes;25;MIA;NL;72;240;217;41;50;6;1;9;24;5;3;18;45;0.23;0.304;0.392;0.696;97;85;5;5;0;0;0
306;Matt Foster;27;CHW;AL;1;0;0;0;0;0;0;0;0;0;0;0;0;0;0;0;0;0;0;0;0;0;0;0
307;Lucius Fox#;24;WSN;NL;10;28;25;2;2;0;0;0;2;1;0;1;9;0.08;0.115;0.08;0.195;-42;2;1;0;2;0;0
308;Jake Fraley*;27;CIN;NL;68;247;216;33;56;9;0;12;28;4;1;26;54;0.259;0.344;0.468;0.812;119;101;1;3;0;2;1
309;Ty France;27;SEA;AL;140;613;551;65;151;27;1;20;83;0;0;35;94;0.274;0.338;0.436;0.774;124;240;18;21;0;5;3
310;Maikel Franco;29;WSN;NL;103;388;371;31;85;15;0;9;39;1;0;12;75;0.229;0.255;0.342;0.597;72;127;18;2;0;3;0
311;Wander Franco#;21;TBR;AL;83;344;314;46;87;20;3;6;33;8;0;26;33;0.277;0.328;0.417;0.746;116;131;5;0;0;4;1
312;Adam Frazier*;30;SEA;AL;156;602;541;61;129;22;4;3;42;11;6;46;73;0.238;0.301;0.311;0.612;80;168;15;5;4;6;1
313;Clint Frazier;27;CHC;NL;19;45;37;4;8;3;0;0;1;1;0;7;11;0.216;0.356;0.297;0.653;87;11;1;1;0;0;0
314;Freddie Freeman*;32;LAD;NL;159;708;612;117;199;47;2;21;100;13;3;84;102;0.325;0.407;0.511;0.918;155;313;6;5;0;7;12
315;Tyler Freeman;23;CLE;AL;24;86;77;9;19;3;0;0;3;1;0;4;11;0.247;0.314;0.286;0.6;76;22;2;4;0;1;0
316;TJ Friedl*;26;CIN;NL;72;258;225;33;54;10;5;8;25;7;2;20;40;0.24;0.314;0.436;0.75;102;98;3;7;0;6;0
317;Michael Fulmer;29;TOT;AL;1;0;0;0;0;0;0;0;0;0;0;0;0;0;0;0;0;0;0;0;0;0;0;0
318;Michael Fulmer;29;MIN;AL;1;0;0;0;0;0;0;0;0;0;0;0;0;0;0;0;0;0;0;0;0;0;0;0
319;Cam Gallagher;29;KCR;AL;18;47;42;1;9;5;0;0;5;0;0;3;13;0.214;0.267;0.333;0.6;70;14;0;0;2;0;0
320;Joey Gallo*;28;TOT;MLB;126;410;350;48;56;8;2;19;47;3;0;56;163;0.16;0.28;0.357;0.638;80;125;0;3;0;1;0
321;Joey Gallo*;28;NYY;AL;82;273;233;32;37;4;1;12;24;2;0;40;106;0.159;0.282;0.339;0.621;78;79;0;0;0;0;0
322;Joey Gallo*;28;LAD;NL;44;137;117;16;19;4;1;7;23;1;0;16;57;0.162;0.277;0.393;0.671;85;46;0;3;0;1;0
323;Ben Gamel*;30;PIT;NL;115;423;371;42;86;20;2;9;46;5;1;48;98;0.232;0.324;0.369;0.693;96;137;5;3;0;1;2
324;Adolis García;29;TEX;AL;156;657;605;88;151;34;5;27;101;25;6;40;183;0.25;0.3;0.456;0.756;112;276;9;6;0;6;2
325;Aramis Garcia;29;CIN;NL;47;115;108;6;23;2;0;1;4;0;1;3;34;0.213;0.248;0.259;0.507;39;28;4;2;2;0;0
326;Avisaíl García;31;MIA;NL;98;380;357;31;80;9;0;8;35;4;0;17;109;0.224;0.266;0.317;0.582;66;113;12;4;0;2;0
327;Dérmis Garcia;24;OAK;AL;39;125;116;13;24;6;0;5;20;0;0;8;55;0.207;0.264;0.388;0.652;89;45;1;1;0;0;0
328;Leury Garcia#;31;CHW;AL;97;315;300;38;63;8;0;3;20;2;0;7;65;0.21;0.233;0.267;0.5;42;80;6;3;2;3;0
329;Luis García*;22;WSN;NL;93;377;360;29;99;23;2;7;45;3;4;11;84;0.275;0.295;0.408;0.704;102;147;6;1;1;4;1
330;Maikel Garcia;22;KCR;AL;9;23;22;1;7;1;0;0;2;0;0;1;5;0.318;0.348;0.364;0.711;103;8;1;0;0;0;0
331;Rico Garcia;28;BAL;AL;1;0;0;0;0;0;0;0;0;0;0;0;0;0;0;0;0;0;0;0;0;0;0;0
332;Kyle Garlick;30;MIN;AL;66;162;150;23;35;3;0;9;18;0;0;8;48;0.233;0.284;0.433;0.717;102;65;2;3;0;1;0
333;Dustin Garneau;34;DET;AL;8;11;10;1;3;1;0;0;1;0;0;1;4;0.3;0.364;0.4;0.764;122;4;0;0;0;0;0
334;Stone Garrett;26;ARI;NL;27;84;76;13;21;8;0;4;10;3;1;3;27;0.276;0.309;0.539;0.848;136;41;1;1;0;1;0
335;Mitch Garver;31;TEX;AL;54;215;188;23;39;7;0;10;24;1;1;23;53;0.207;0.298;0.404;0.702;98;76;3;2;0;2;0
336;Lucas Gilbreath*;26;COL;NL;1;0;0;0;0;0;0;0;0;0;0;0;0;0;0;0;0;0;0;0;0;0;0;0
337;Andrés Giménez*;23;CLE;AL;146;557;491;66;146;26;3;17;69;20;3;34;112;0.297;0.371;0.466;0.837;141;229;9;25;4;3;4
338;Kevin Ginkel*;28;ARI;NL;1;0;0;0;0;0;0;0;0;0;0;0;0;0;0;0;0;0;0;0;0;0;0;0
339;Mychal Givens;32;TOT;NL;1;0;0;0;0;0;0;0;0;0;0;0;0;0;0;0;0;0;0;0;0;0;0;0
340;Mychal Givens;32;NYM;NL;1;0;0;0;0;0;0;0;0;0;0;0;0;0;0;0;0;0;0;0;0;0;0;0
341;José Godoy*;27;TOT;MLB;10;22;20;3;1;0;0;0;1;0;0;2;9;0.05;0.136;0.05;0.186;-44;1;0;0;0;0;0
342;José Godoy*;27;MIN;AL;2;5;3;2;0;0;0;0;0;0;0;2;2;0;0.4;0;0.4;29;0;0;0;0;0;0
343;José Godoy*;27;PIT;NL;8;17;17;1;1;0;0;0;1;0;0;0;7;0.059;0.059;0.059;0.118;-66;1;0;0;0;0;0
344;Paul Goldschmidt;34;STL;NL;151;651;561;106;178;41;0;35;115;7;0;79;141;0.317;0.404;0.578;0.981;177;324;7;5;0;4;1
345;Yan Gomes;34;CHC;NL;86;293;277;23;65;12;0;8;31;2;0;8;47;0.235;0.26;0.365;0.625;74;101;15;3;1;4;0
346;Erik González;30;MIA;NL;16;41;37;4;7;1;0;0;3;1;0;4;12;0.189;0.268;0.216;0.485;41;8;1;0;0;0;0
347;Luis González*;26;SFG;NL;98;350;311;31;79;17;2;4;36;10;2;30;75;0.254;0.323;0.36;0.683;94;112;5;4;0;5;1
348;Marwin Gonzalez#;33;NYY;AL;85;207;184;20;34;7;0;6;18;3;0;14;54;0.185;0.255;0.321;0.576;64;59;8;4;3;2;0
349;Oscar Gonzalez;24;CLE;AL;91;382;362;39;107;27;0;11;43;1;2;15;75;0.296;0.327;0.461;0.789;125;167;6;3;0;2;2
350;Romy Gonzalez;25;CHW;AL;32;109;105;15;25;4;1;2;11;0;1;2;39;0.238;0.257;0.352;0.609;72;37;3;1;0;1;0
351;Niko Goodrum#;30;HOU;AL;15;45;43;2;5;2;0;0;1;1;0;2;23;0.116;0.156;0.163;0.318;-8;7;0;0;0;0;0
352;Nick Gordon*;26;MIN;AL;136;443;405;45;110;28;4;9;50;6;4;19;105;0.272;0.316;0.427;0.743;110;173;8;10;3;6;1
353;Terrance Gore;31;NYM;NL;10;8;7;1;1;0;0;0;0;3;0;0;3;0.143;0.143;0.143;0.286;-17;1;0;0;1;0;0
354;Nolan Gorman*;22;STL;NL;89;313;283;44;64;13;0;14;35;1;0;28;103;0.226;0.3;0.42;0.721;104;119;2;2;0;0;0
355;Phil Gosselin;33;TOT;MLB;34;77;74;6;11;0;1;0;2;0;0;2;24;0.149;0.182;0.176;0.357;2;13;1;1;0;0;0
356;Phil Gosselin;33;ATL;NL;12;24;23;4;6;0;0;0;0;0;0;1;6;0.261;0.292;0.261;0.553;56;6;0;0;0;0;0
357;Phil Gosselin;33;LAA;AL;22;53;51;2;5;0;1;0;2;0;0;1;18;0.098;0.132;0.137;0.269;-23;7;1;1;0;0;0
358;Yasmani Grandal#;33;CHW;AL;99;376;327;15;66;7;0;5;27;1;0;45;79;0.202;0.301;0.269;0.57;64;88;8;2;0;2;1
359;Kendall Graveman;31;CHW;AL;1;0;0;0;0;0;0;0;0;0;0;0;0;0;0;0;0;0;0;0;0;0;0;0
360;Riley Greene*;21;DET;AL;93;418;376;46;95;18;4;5;42;1;4;36;120;0.253;0.321;0.362;0.682;98;136;8;3;0;3;0
361;Didi Gregorius*;32;PHI;NL;63;232;214;17;45;9;4;1;19;1;0;13;36;0.21;0.263;0.304;0.567;61;65;0;3;0;2;0
362;Grayson Greiner;29;ARI;NL;2;8;6;0;1;0;0;0;0;0;0;2;3;0.167;0.375;0.167;0.542;63;1;0;0;0;0;0
363;Randal Grichuk;30;COL;NL;140;538;506;60;131;21;3;19;73;4;0;24;127;0.259;0.299;0.425;0.724;92;215;12;6;0;2;0
364;Justin Grimm;33;OAK;AL;1;0;0;0;0;0;0;0;0;0;0;0;0;0;0;0;0;0;0;0;0;0;0;0
365;Trent Grisham*;25;SDP;NL;152;524;451;58;83;16;2;17;53;7;1;57;150;0.184;0.284;0.341;0.626;82;154;3;7;7;2;1
366;Vaughn Grissom;21;ATL;NL;41;156;141;24;41;6;0;5;18;5;2;11;34;0.291;0.353;0.44;0.792;119;62;0;3;0;1;1
367;Jordan Groshans;22;MIA;NL;17;65;61;9;16;0;0;1;2;0;0;4;13;0.262;0.308;0.311;0.619;78;19;2;0;0;0;0
368;Robbie Grossman#;32;TOT;MLB;129;477;411;40;86;19;1;7;45;6;2;56;129;0.209;0.31;0.311;0.622;79;128;3;6;0;4;0
369;Robbie Grossman#;32;DET;AL;83;320;273;24;56;13;1;2;23;3;1;38;90;0.205;0.313;0.282;0.595;74;77;2;6;0;3;0
370;Robbie Grossman#;32;ATL;NL;46;157;138;16;30;6;0;5;22;3;1;18;39;0.217;0.306;0.37;0.675;87;51;1;0;0;1;0
371;Vladimir Guerrero Jr.;23;TOR;AL;160;706;638;90;175;35;0;32;97;8;3;58;116;0.274;0.339;0.48;0.818;134;306;26;6;0;4;6
372;Luis Guillorme*;27;NYM;NL;102;335;297;33;81;12;1;2;17;1;0;34;46;0.273;0.351;0.34;0.691;102;101;15;2;2;0;1
373;Lourdes Gurriel Jr.;28;TOR;AL;121;493;453;52;132;32;1;5;52;3;4;31;83;0.291;0.343;0.4;0.743;115;181;11;6;0;2;1
374;Yuli Gurriel;38;HOU;AL;146;584;545;53;132;40;0;8;53;8;0;30;73;0.242;0.288;0.36;0.647;85;196;13;6;0;3;0
375;Dalton Guthrie;26;PHI;NL;14;28;21;3;7;0;0;1;5;1;0;6;7;0.333;0.5;0.476;0.976;180;10;0;1;0;0;0
376;Kelvin Gutiérrez;27;BAL;AL;12;33;28;2;4;1;0;0;3;1;0;4;8;0.143;0.25;0.179;0.429;27;5;1;0;0;0;0
377;Ronald Guzmán*;27;NYY;AL;3;6;6;0;0;0;0;0;0;0;0;0;5;0;0;0;0;-100;0;1;0;0;0;0
378;Eric Haase;29;DET;AL;110;351;323;41;82;17;1;14;44;0;0;24;97;0.254;0.305;0.443;0.748;113;143;9;1;0;3;1
379;Jake Hager;29;ARI;NL;28;59;50;4;12;2;0;0;3;0;0;8;17;0.24;0.345;0.28;0.625;82;14;0;0;1;0;0
380;Sam Haggerty#;28;SEA;AL;83;201;176;29;45;9;1;5;23;13;1;18;53;0.256;0.335;0.403;0.738;115;71;4;4;1;2;3
381;Darick Hall*;26;PHI;NL;41;142;136;19;34;8;1;9;16;0;0;5;44;0.25;0.282;0.522;0.804;122;71;3;1;0;0;0
382;Billy Hamilton;31;TOT;MLB;37;23;20;13;1;0;0;0;0;10;1;2;12;0.05;0.136;0.05;0.186;-43;1;0;0;1;0;0
383;Billy Hamilton;31;MIA;NL;20;15;13;9;1;0;0;0;0;7;0;1;8;0.077;0.143;0.077;0.22;-35;1;0;0;1;0;0
384;Billy Hamilton;31;MIN;AL;17;8;7;4;0;0;0;0;0;3;1;1;4;0;0.125;0;0.125;-60;0;0;0;0;0;0
385;Caleb Hamilton;27;MIN;AL;22;23;18;5;1;0;0;1;1;0;0;4;14;0.056;0.227;0.222;0.449;30;4;0;0;1;0;0
386;Garrett Hampson;27;COL;NL;90;226;199;29;42;7;3;2;15;12;2;21;63;0.211;0.287;0.307;0.594;60;61;3;1;3;2;0
387;Mitch Haniger;31;SEA;AL;57;247;224;31;55;8;0;11;34;0;0;20;65;0.246;0.308;0.429;0.736;113;96;7;1;0;2;1
388;Ian Happ#;27;CHC;NL;158;641;573;72;155;42;2;17;72;9;4;58;149;0.271;0.342;0.44;0.781;118;252;11;6;0;4;4
389;Bryce Harper*;29;PHI;NL;99;426;370;63;106;28;1;18;65;11;4;46;87;0.286;0.364;0.514;0.877;146;190;13;3;0;7;9
390;Michael Harris II*;21;ATL;NL;114;441;414;75;123;27;3;19;64;20;2;21;107;0.297;0.339;0.514;0.853;133;213;7;5;1;0;0
391;Josh Harrison;34;CHW;AL;119;425;386;50;99;19;2;7;27;2;1;21;71;0.256;0.317;0.37;0.687;95;143;9;14;2;2;0
392;Monte Harrison;26;LAA;AL;9;14;11;5;2;0;0;1;3;1;0;2;8;0.182;0.357;0.455;0.812;129;5;1;1;0;0;0
393;Adam Haseley*;26;CHW;AL;14;25;21;4;5;0;0;0;2;0;0;3;7;0.238;0.333;0.238;0.571;67;5;0;0;1;0;0
394;Ke'Bryan Hayes;25;PIT;NL;136;560;505;55;123;24;3;7;41;20;5;48;122;0.244;0.314;0.345;0.659;87;174;12;5;0;2;0
395;Austin Hays;26;BAL;AL;145;582;535;66;134;35;2;16;60;2;4;34;114;0.25;0.306;0.413;0.719;105;221;11;10;0;3;0
396;Austin Hedges;29;CLE;AL;105;338;294;26;48;4;0;7;30;2;0;25;78;0.163;0.241;0.248;0.489;42;73;12;6;10;3;0
397;Jonah Heim#;27;TEX;AL;127;450;406;51;92;20;1;16;48;2;0;41;87;0.227;0.298;0.399;0.697;96;162;10;1;0;2;0
398;Tyler Heineman#;31;TOT;MLB;62;174;157;16;34;8;0;0;9;1;0;8;17;0.217;0.276;0.268;0.544;56;42;3;5;4;0;0
399;Tyler Heineman#;31;TOR;AL;10;16;15;2;4;2;0;0;1;0;0;0;4;0.267;0.267;0.4;0.667;90;6;1;0;1;0;0
400;Tyler Heineman#;31;PIT;NL;52;158;142;14;30;6;0;0;8;1;0;8;13;0.211;0.277;0.254;0.531;52;36;2;5;3;0;0
401;Gunnar Henderson*;21;BAL;AL;34;132;116;12;30;7;1;4;18;1;1;16;34;0.259;0.348;0.44;0.788;126;51;1;0;0;0;1
402;Liam Hendriks;33;CHW;AL;1;0;0;0;0;0;0;0;0;0;0;0;0;0;0;0;0;0;0;0;0;0;0;0
403;Ryan Hendrix;27;CIN;NL;1;0;0;0;0;0;0;0;0;0;0;0;0;0;0;0;0;0;0;0;0;0;0;0
404;Payton Henry;25;MIA;NL;15;35;28;2;4;0;0;0;4;0;0;5;8;0.143;0.314;0.143;0.457;37;4;0;2;0;0;0
405;David Hensley;26;HOU;AL;16;34;29;7;10;2;1;1;5;0;0;5;6;0.345;0.441;0.586;1.027;192;17;3;0;0;0;0
406;Guillermo Heredia;31;ATL;NL;74;82;76;12;12;3;1;3;8;0;0;6;32;0.158;0.22;0.342;0.562;53;26;1;0;0;0;0
407;Michael Hermosillo;27;CHC;NL;31;73;61;7;7;2;0;0;4;1;0;7;27;0.115;0.25;0.148;0.398;16;9;0;4;1;0;0
408;Carlos Hernández;25;KCR;AL;1;0;0;0;0;0;0;0;0;0;0;0;0;0;0;0;0;0;0;0;0;0;0;0
409;César Hernández#;32;WSN;NL;147;617;560;64;139;28;4;1;34;10;4;45;114;0.248;0.311;0.318;0.629;84;178;9;7;3;2;0
410;Elier Hernandez;27;TEX;AL;14;35;33;4;6;2;0;0;3;0;0;1;15;0.182;0.2;0.242;0.442;25;8;1;0;0;1;0
411;Enrique Hernández;30;BOS;AL;93;402;361;48;80;24;0;6;45;0;2;34;71;0.222;0.291;0.338;0.629;74;122;11;3;0;4;0
412;Teoscar Hernández;29;TOR;AL;131;535;499;71;133;35;1;25;77;6;3;34;152;0.267;0.316;0.491;0.807;129;245;18;2;0;0;0
413;Yadiel Hernández*;34;WSN;NL;94;327;305;30;82;16;0;9;41;2;1;19;74;0.269;0.312;0.41;0.722;108;125;9;1;0;2;0
414;Yonny Hernández#;24;ARI;NL;12;28;24;2;2;0;0;0;0;2;0;2;4;0.083;0.154;0.083;0.237;-29;2;0;0;2;0;0
415;Iván Herrera;22;STL;NL;11;22;18;0;2;0;0;0;1;0;0;2;8;0.111;0.19;0.111;0.302;-10;2;0;0;1;1;0
416;Jose Herrera#;25;ARI;NL;47;124;111;9;21;2;0;0;5;0;0;9;34;0.189;0.25;0.207;0.457;33;23;1;0;4;0;0
417;Odúbel Herrera*;30;PHI;NL;62;197;185;23;44;9;1;5;21;6;0;11;42;0.238;0.279;0.378;0.658;85;70;3;0;0;1;0
418;Jason Heyward*;32;CHC;NL;48;151;137;15;28;5;1;1;10;1;0;11;32;0.204;0.278;0.277;0.556;58;38;3;3;0;0;0
419;Brewer Hicklen;26;KCR;AL;6;4;4;1;0;0;0;0;0;0;0;0;4;0;0;0;0;-100;0;0;0;0;0;0
420;Aaron Hicks#;32;NYY;AL;130;453;384;54;83;9;2;8;40;10;3;62;109;0.216;0.33;0.313;0.642;86;120;10;4;1;2;3
421;Kyle Higashioka;32;NYY;AL;83;248;229;27;52;7;0;10;31;0;1;12;52;0.227;0.264;0.389;0.653;85;89;5;1;2;4;0
422;P.J. Higgins;29;CHC;NL;74;229;201;23;46;11;1;6;30;0;0;22;58;0.229;0.31;0.383;0.693;94;77;2;2;3;1;0
423;Derek Hill;26;DET;AL;31;92;83;8;19;2;0;1;3;3;0;5;28;0.229;0.27;0.289;0.559;62;24;0;0;3;1;0
424;Sam Hilliard*;28;COL;NL;70;200;174;26;32;6;1;2;14;5;1;23;57;0.184;0.28;0.264;0.544;48;46;2;1;0;2;0
425;Keston Hiura;25;MIL;NL;80;266;234;34;53;8;1;14;32;5;2;23;111;0.226;0.316;0.449;0.765;114;105;3;8;0;1;0
426;Nico Hoerner;25;CHC;NL;135;517;481;60;135;22;5;10;55;20;2;28;57;0.281;0.327;0.41;0.736;106;197;11;6;0;2;4
427;Jeff Hoffman;29;CIN;NL;1;0;0;0;0;0;0;0;0;0;0;0;0;0;0;0;0;0;0;0;0;0;0;0
428;Rhys Hoskins;29;PHI;NL;156;672;589;81;145;33;2;30;79;2;1;72;169;0.246;0.332;0.462;0.794;123;272;12;6;0;4;0
429;Eric Hosmer*;32;TOT;MLB;104;419;380;38;102;19;0;8;44;0;0;37;64;0.268;0.334;0.382;0.716;107;145;12;1;0;1;5
430;Eric Hosmer*;32;SDP;NL;90;369;335;32;91;16;0;8;40;0;0;33;55;0.272;0.336;0.391;0.727;112;131;10;0;0;1;5
431;Eric Hosmer*;32;BOS;AL;14;50;45;6;11;3;0;0;4;0;0;4;9;0.244;0.32;0.311;0.631;76;14;2;1;0;0;0
432;Sam Huff;24;TEX;AL;44;132;121;9;29;4;0;4;10;1;0;11;42;0.24;0.303;0.372;0.675;91;45;1;0;0;0;1
433;Brandon Hughes#;26;CHC;NL;1;0;0;0;0;0;0;0;0;0;0;0;0;0;0;0;0;0;0;0;0;0;0;0
434;Cooper Hummel#;27;ARI;NL;66;201;176;20;31;8;3;3;17;4;1;23;64;0.176;0.274;0.307;0.58;66;54;4;1;0;1;0
435;Tommy Hunter;35;NYM;NL;2;0;0;0;0;0;0;0;0;0;0;0;0;0;0;0;0;0;0;0;0;0;0;0
436;Andy Ibáñez;29;TEX;AL;40;128;119;13;26;4;0;1;9;3;0;9;21;0.218;0.273;0.277;0.551;58;33;0;0;0;0;0
437;José Iglesias;32;COL;NL;118;467;439;48;128;30;0;3;47;2;3;17;56;0.292;0.328;0.38;0.708;90;167;11;8;0;3;0
438;Ender Inciarte*;31;NYM;NL;11;8;8;1;1;0;0;0;0;0;0;0;0;0.125;0.125;0.125;0.25;-27;1;0;0;0;0;0
439;Jonathan India;25;CIN;NL;103;431;386;48;96;16;2;10;41;3;4;31;94;0.249;0.327;0.378;0.705;92;146;5;14;0;0;1
440;Kyle Isbel*;25;KCR;AL;106;278;256;32;54;10;4;5;28;9;6;16;75;0.211;0.264;0.34;0.603;70;87;5;3;1;2;0
441;Alex Jackson;26;MIL;NL;5;12;12;0;3;0;0;0;0;0;0;0;7;0.25;0.25;0.25;0.5;43;3;0;0;0;0;0
442;Drew Jackson;28;OAK;AL;3;3;3;0;0;0;0;0;0;0;0;0;1;0;0;0;0;-100;0;0;0;0;0;0
443;Travis Jankowski*;31;TOT;MLB;44;64;55;11;9;0;0;0;2;3;0;8;10;0.164;0.281;0.164;0.445;34;9;0;1;0;0;0
444;Travis Jankowski*;31;NYM;NL;43;63;54;11;9;0;0;0;2;3;0;8;9;0.167;0.286;0.167;0.452;36;9;0;1;0;0;0
445;Travis Jankowski*;31;SEA;AL;1;1;1;0;0;0;0;0;0;0;0;0;1;0;0;0;0;-100;0;0;0;0;0;0
446;Danny Jansen;27;TOR;AL;72;248;215;34;56;10;0;15;44;1;0;25;44;0.26;0.339;0.516;0.855;143;111;1;3;0;5;1
447;Ryan Jeffers;25;MIN;AL;67;236;212;25;44;10;1;7;27;0;0;23;62;0.208;0.285;0.363;0.648;84;77;6;0;1;0;0
448;Eloy Jiménez;25;CHW;AL;84;327;292;40;86;12;0;16;54;0;0;28;72;0.295;0.358;0.5;0.858;141;146;8;3;0;4;0
449;Connor Joe;29;COL;NL;111;467;404;56;96;20;4;7;28;6;2;55;97;0.238;0.338;0.359;0.697;88;145;8;7;0;1;0
450;Bryce Johnson#;26;SFG;NL;11;19;18;1;2;0;0;0;2;0;0;1;7;0.111;0.158;0.111;0.269;-21;2;0;0;0;0;0
451;Nolan Jones*;24;CLE;AL;28;94;86;10;21;5;0;2;13;0;0;8;31;0.244;0.309;0.372;0.681;96;32;2;0;0;0;1
452;Taylor Jones;28;HOU;AL;1;1;1;0;0;0;0;0;0;0;0;0;0;0;0;0;0;-100;0;0;0;0;0;0
453;Aaron Judge;30;NYY;AL;157;696;570;133;177;28;0;62;131;16;3;111;175;0.311;0.425;0.686;1.111;212;391;14;6;0;5;19
454;Josh Jung;24;TEX;AL;26;102;98;9;20;4;1;5;14;2;0;4;39;0.204;0.235;0.418;0.654;81;41;2;0;0;0;0
455;James Kaprielian;28;OAK;AL;1;0;0;0;0;0;0;0;0;0;0;0;0;0;0;0;0;0;0;0;0;0;0;0
456;Gosuke Katoh*;27;TOR;AL;8;11;7;2;1;1;0;0;0;0;0;3;1;0.143;0.4;0.286;0.686;104;2;0;0;1;0;0
457;Jarred Kelenic*;22;SEA;AL;54;181;163;20;23;5;1;7;17;5;2;16;61;0.141;0.221;0.313;0.534;54;51;3;1;0;1;0
458;Carson Kelly;27;ARI;NL;104;354;317;40;67;18;0;7;35;2;0;29;71;0.211;0.282;0.334;0.617;76;106;10;4;0;4;0
459;Tony Kemp*;30;OAK;AL;147;558;497;61;117;24;2;7;46;11;1;45;69;0.235;0.307;0.334;0.641;90;166;5;8;5;3;0
460;Buddy Kennedy;23;ARI;NL;30;94;83;10;18;2;2;1;12;0;0;8;23;0.217;0.287;0.325;0.613;75;27;1;1;0;2;0
461;Ian Kennedy;37;ARI;NL;1;0;0;0;0;0;0;0;0;0;0;0;0;0;0;0;0;0;0;0;0;0;0;0
462;Max Kepler*;29;MIN;AL;115;446;388;54;88;18;1;9;43;3;2;49;66;0.227;0.318;0.348;0.666;91;135;7;5;0;4;1
463;Kevin Kiermaier*;32;TBR;AL;63;221;206;28;47;8;0;7;22;6;1;14;61;0.228;0.281;0.369;0.649;88;76;2;1;0;0;0
464;Ha-Seong Kim;26;SDP;NL;150;582;517;58;130;29;3;11;59;12;2;51;100;0.251;0.325;0.383;0.708;106;198;9;7;3;4;0
465;Craig Kimbrel;34;LAD;NL;1;0;0;0;0;0;0;0;0;0;0;0;0;0;0;0;0;0;0;0;0;0;0;0
466;Isiah Kiner-Falefa;27;NYY;AL;142;531;483;66;126;20;0;4;48;22;4;35;72;0.261;0.314;0.327;0.642;85;158;13;5;3;5;2
467;Scott Kingery;28;PHI;NL;1;0;0;0;0;0;0;0;0;0;0;0;0;0;0;0;0;0;0;0;0;0;0;0
468;Alex Kirilloff*;24;MIN;AL;45;156;144;14;36;7;0;3;21;0;0;5;36;0.25;0.29;0.361;0.651;85;52;5;4;0;2;0
469;Alejandro Kirk;23;TOR;AL;139;541;470;59;134;19;0;14;63;0;0;63;58;0.285;0.372;0.415;0.786;128;195;11;4;0;4;2
470;Andrew Knapp#;30;TOT;MLB;16;46;39;4;5;1;0;0;4;0;0;5;12;0.128;0.239;0.154;0.393;15;6;0;1;0;1;0
471;Andrew Knapp#;30;TOT;NL;14;42;35;4;5;1;0;0;4;0;0;5;9;0.143;0.262;0.171;0.433;27;6;0;1;0;1;0
472;Andrew Knapp#;30;PIT;NL;11;35;31;2;4;1;0;0;2;0;0;3;9;0.129;0.229;0.161;0.39;13;5;0;1;0;0;0
473;Andrew Knapp#;30;SEA;AL;2;4;4;0;0;0;0;0;0;0;0;0;3;0;0;0;0;-100;0;0;0;0;0;0
474;Andrew Knapp#;30;SFG;NL;3;7;4;2;1;0;0;0;2;0;0;2;0;0.25;0.429;0.25;0.679;100;1;0;0;0;1;0
475;Andrew Knizner;27;STL;NL;96;293;260;28;56;10;0;4;25;0;1;26;62;0.215;0.301;0.3;0.601;74;78;9;6;1;0;0
476;Mark Kolozsvary;26;CIN;NL;10;21;20;3;4;2;0;1;3;0;0;1;9;0.2;0.238;0.45;0.688;82;9;1;0;0;0;0
477;Joey Krehbiel;29;BAL;AL;1;0;0;0;0;0;0;0;0;0;0;0;0;0;0;0;0;0;0;0;0;0;0;0
478;Ryan Kreidler;24;DET;AL;26;84;73;8;13;1;0;1;6;0;1;6;22;0.178;0.244;0.233;0.477;39;17;0;1;2;2;0
479;Jason Krizan*;33;SFG;NL;3;10;8;0;1;0;0;0;0;0;0;2;3;0.125;0.3;0.125;0.425;28;1;0;0;0;0;0
480;Joel Kuhnel;27;CIN;NL;1;0;0;0;0;0;0;0;0;0;0;0;0;0;0;0;0;0;0;0;0;0;0;0
481;Steven Kwan*;24;CLE;AL;147;638;563;89;168;25;7;6;52;19;5;62;60;0.298;0.373;0.4;0.772;124;225;9;7;2;4;2
482;Tommy La Stella*;33;SFG;NL;60;195;180;17;43;14;0;2;14;0;0;11;30;0.239;0.282;0.35;0.632;79;63;4;1;0;3;0
483;Juan Lagares;33;LAA;AL;20;62;60;4;11;2;1;0;0;0;0;2;15;0.183;0.21;0.25;0.46;30;15;0;0;0;0;0
484;Jake Lamb*;31;TOT;MLB;41;111;97;13;21;6;1;3;6;0;1;11;38;0.216;0.315;0.392;0.707;99;38;4;3;0;0;0
485;Jake Lamb*;31;LAD;NL;25;77;67;10;16;5;1;2;4;0;1;8;24;0.239;0.338;0.433;0.77;114;29;4;2;0;0;0
486;Jake Lamb*;31;SEA;AL;16;34;30;3;5;1;0;1;2;0;0;3;14;0.167;0.265;0.3;0.565;65;9;0;1;0;0;0
487;Jimmy Lambert;27;CHW;AL;1;0;0;0;0;0;0;0;0;0;0;0;0;0;0;0;0;0;0;0;0;0;0;0
488;Shea Langeliers;24;OAK;AL;40;153;142;14;31;10;1;6;22;0;0;9;53;0.218;0.261;0.43;0.691;99;61;4;0;0;2;0
489;Trevor Larnach*;25;MIN;AL;51;180;160;22;37;13;0;5;18;0;0;18;57;0.231;0.306;0.406;0.712;102;65;1;0;0;2;1
490;Jack Larsen*;27;SEA;AL;1;1;1;0;0;0;0;0;0;0;0;0;1;0;0;0;0;-100;0;0;0;0;0;0
491;Ramón Laureano;27;OAK;AL;94;383;346;49;73;18;0;13;34;11;6;25;104;0.211;0.287;0.376;0.663;94;130;6;12;0;0;0
492;Bryan Lavastida;23;CLE;AL;6;15;12;0;1;0;0;0;0;0;0;3;4;0.083;0.267;0.083;0.35;8;1;0;0;0;0;0
493;Charles Leblanc;26;MIA;NL;48;169;156;18;41;10;0;4;11;4;2;12;53;0.263;0.32;0.404;0.723;105;63;0;1;0;0;0
494;Khalil Lee*;24;NYM;NL;2;2;2;1;1;0;0;1;3;0;0;0;0;0.5;0.5;2;2.5;577;4;0;0;0;0;0
495;Korey Lee;23;HOU;AL;12;26;25;1;4;2;0;0;4;0;0;1;9;0.16;0.192;0.24;0.432;23;6;1;0;0;0;0
496;DJ LeMahieu;33;NYY;AL;125;541;467;74;122;18;0;12;46;4;3;67;71;0.261;0.357;0.377;0.734;112;176;12;4;1;2;0
497;Sandy León#;33;TOT;AL;33;86;71;6;12;3;0;0;4;0;0;13;27;0.169;0.298;0.211;0.509;50;15;2;0;2;0;0
498;Sandy León#;33;CLE;AL;8;21;15;0;2;0;0;0;0;0;0;6;4;0.133;0.381;0.133;0.514;59;2;1;0;0;0;0
499;Sandy León#;33;MIN;AL;25;65;56;6;10;3;0;0;4;0;0;7;23;0.179;0.27;0.232;0.502;46;13;1;0;2;0;0
500;Josh Lester*;27;DET;AL;2;5;5;0;0;0;0;0;0;0;0;0;3;0;0;0;0;-100;0;0;0;0;0;0
501;Kyle Lewis;26;SEA;AL;18;62;56;6;8;0;0;3;5;0;0;5;19;0.143;0.226;0.304;0.529;53;17;2;1;0;0;0
502;Royce Lewis;23;MIN;AL;12;41;40;5;12;4;0;2;5;0;0;1;5;0.3;0.317;0.55;0.867;142;22;2;0;0;0;0
503;Luis Liberato*;26;SDP;NL;7;5;5;0;0;0;0;0;0;0;0;0;3;0;0;0;0;-100;0;0;0;0;0;0
504;Matthew Liberatore*;22;STL;NL;1;0;0;0;0;0;0;0;0;0;0;0;0;0;0;0;0;0;0;0;0;0;0;0
505;Francisco Lindor#;28;NYM;NL;161;706;630;98;170;25;5;26;107;16;6;59;133;0.27;0.339;0.449;0.788;126;283;11;10;0;7;2
506;Jonathan Loáisiga;27;NYY;AL;1;0;0;0;0;0;0;0;0;0;0;0;0;0;0;0;0;0;0;0;0;0;0;0
507;Tim Locastro;29;NYY;AL;38;46;43;13;8;1;0;2;4;8;2;2;7;0.186;0.239;0.349;0.588;66;15;0;1;0;0;0
508;Evan Longoria;36;SFG;NL;89;298;266;31;65;13;0;14;42;0;0;27;83;0.244;0.315;0.451;0.767;115;120;6;2;0;3;2
509;Christian Lopes;29;OAK;AL;4;10;9;0;0;0;0;0;0;0;0;1;5;0;0.1;0;0.1;-67;0;0;0;0;0;0
510;Alejo Lopez#;26;CIN;NL;59;156;145;15;38;5;1;1;10;3;1;9;21;0.262;0.314;0.331;0.645;77;48;1;2;0;0;1
511;Jorge López;29;TOT;AL;4;0;0;0;0;0;0;0;0;0;0;0;0;0;0;0;0;0;0;0;0;0;0;0
512;Jorge López;29;BAL;AL;2;0;0;0;0;0;0;0;0;0;0;0;0;0;0;0;0;0;0;0;0;0;0;0
513;Jorge López;29;MIN;AL;2;0;0;0;0;0;0;0;0;0;0;0;0;0;0;0;0;0;0;0;0;0;0;0
514;Nicky Lopez*;27;KCR;AL;141;480;436;51;99;12;4;0;20;13;3;29;63;0.227;0.281;0.273;0.554;59;119;8;4;10;1;0
515;Otto Lopez;23;TOR;AL;8;10;9;0;6;0;0;0;3;0;1;1;1;0.667;0.7;0.667;1.367;300;6;0;0;0;0;0
516;Reynaldo López;28;CHW;AL;1;0;0;0;0;0;0;0;0;0;0;0;0;0;0;0;0;0;0;0;0;0;0;0
517;Brandon Lowe*;27;TBR;AL;65;266;235;31;52;10;2;8;25;1;0;27;61;0.221;0.308;0.383;0.691;101;90;1;3;0;1;0
518;Josh Lowe*;24;TBR;AL;52;198;181;24;40;12;2;2;13;3;0;15;66;0.221;0.284;0.343;0.627;82;62;1;1;1;0;1
519;Nathaniel Lowe*;26;TEX;AL;157;645;593;74;179;26;3;27;76;2;2;48;147;0.302;0.358;0.492;0.851;139;292;10;4;0;0;2
520;Jed Lowrie#;38;OAK;AL;50;184;167;14;30;5;0;3;16;1;0;15;39;0.18;0.245;0.263;0.508;50;44;5;0;0;2;0
521;Seth Lugo;32;NYM;NL;1;0;0;0;0;0;0;0;0;0;0;0;0;0;0;0;0;0;0;0;0;0;0;0
522;Jordan Luplow;28;ARI;NL;83;234;205;26;36;5;0;11;28;5;1;25;60;0.176;0.274;0.361;0.634;79;74;5;3;0;1;1
523;Gavin Lux*;24;LAD;NL;129;471;421;66;116;20;7;6;42;7;2;47;95;0.276;0.346;0.399;0.745;108;168;3;0;0;3;0
524;Daniel Lynch*;25;KCR;AL;1;0;0;0;0;0;0;0;0;0;0;0;0;0;0;0;0;0;0;0;0;0;0;0
525;Dixon Machado;30;SFG;NL;5;17;15;1;3;0;0;0;0;0;0;1;5;0.2;0.294;0.2;0.494;45;3;0;1;0;0;0
526;Manny Machado;29;SDP;NL;150;644;578;100;172;37;1;32;102;9;1;63;133;0.298;0.366;0.531;0.898;158;307;12;1;0;2;10
527;Vimael Machín*;28;OAK;AL;73;253;223;26;49;12;0;1;13;1;1;25;47;0.22;0.3;0.287;0.587;75;64;6;2;0;3;0
528;David MacKinnon;27;TOT;AL;22;57;50;2;7;0;0;0;6;0;0;6;17;0.14;0.228;0.14;0.368;9;7;2;0;0;1;0
529;David MacKinnon;27;LAA;AL;16;43;37;0;7;0;0;0;6;0;0;5;12;0.189;0.279;0.189;0.468;37;7;2;0;0;1;0
530;David MacKinnon;27;OAK;AL;6;14;13;2;0;0;0;0;0;0;0;1;5;0;0.071;0;0.071;-76;0;0;0;0;0;0
531;Nick Madrigal;25;CHC;NL;59;228;209;19;52;7;0;0;7;3;1;14;27;0.249;0.305;0.282;0.588;68;59;6;3;2;0;0
532;Bligh Madris*;26;PIT;NL;39;123;113;10;20;7;0;1;7;2;1;10;31;0.177;0.244;0.265;0.509;44;30;0;0;0;0;0
533;Luke Maile;31;CLE;AL;76;206;181;19;40;10;0;3;17;0;0;19;54;0.221;0.301;0.326;0.627;82;59;6;3;0;3;0
534;Martín Maldonado;35;HOU;AL;113;379;344;40;64;12;0;15;45;0;0;22;116;0.186;0.248;0.352;0.6;70;121;6;7;4;2;0
535;Trey Mancini;30;TOT;AL;143;587;519;56;124;23;1;18;63;0;0;53;135;0.239;0.319;0.391;0.71;103;203;12;10;0;5;2
536;Trey Mancini;30;BAL;AL;92;401;354;39;95;16;1;10;41;0;0;35;86;0.268;0.347;0.404;0.751;116;143;4;9;0;3;2
537;Trey Mancini;30;HOU;AL;51;186;165;17;29;7;0;8;22;0;0;18;49;0.176;0.258;0.364;0.622;76;60;8;1;0;2;0
538;Joe Mantiply;31;ARI;NL;1;0;0;0;0;0;0;0;0;0;0;0;0;0;0;0;0;0;0;0;0;0;0;0
539;Tucupita Marcano*;22;PIT;NL;49;177;160;18;33;6;2;2;13;2;1;10;44;0.206;0.256;0.306;0.562;58;49;1;1;5;1;0
540;Manuel Margot;27;TBR;AL;89;363;336;36;92;18;2;4;47;7;3;24;68;0.274;0.325;0.375;0.7;104;126;7;2;0;1;1
541;Jake Marisnick;31;PIT;NL;31;82;77;9;18;6;0;2;6;2;1;4;24;0.234;0.272;0.39;0.661;84;30;2;0;1;0;1
542;Deven Marrero;31;NYM;NL;5;6;6;0;0;0;0;0;0;1;0;0;3;0;0;0;0;-100;0;0;0;0;0;0
543;Brandon Marsh*;24;TOT;MLB;134;461;424;49;104;18;4;11;52;10;4;28;158;0.245;0.295;0.384;0.679;91;163;4;3;3;3;1
544;Brandon Marsh*;24;LAA;AL;93;323;292;34;66;9;2;8;37;8;2;22;117;0.226;0.284;0.353;0.637;80;103;2;3;3;3;1
545;Brandon Marsh*;24;PHI;NL;41;138;132;15;38;9;2;3;15;2;2;6;41;0.288;0.319;0.455;0.773;117;60;2;0;0;0;0
546;Ketel Marte#;28;ARI;NL;137;558;492;68;118;42;2;12;52;5;1;55;101;0.24;0.321;0.407;0.727;106;200;12;6;0;5;3
547;Starling Marte;33;NYM;NL;118;505;466;76;136;24;5;16;63;18;9;26;97;0.292;0.347;0.468;0.814;133;218;18;13;0;0;0
548;Brett Martin*;27;TEX;AL;1;0;0;0;0;0;0;0;0;0;0;0;0;0;0;0;0;0;0;0;0;0;0;0
549;Chris Martin;36;TOT;NL;1;0;0;0;0;0;0;0;0;0;0;0;0;0;0;0;0;0;0;0;0;0;0;0
550;Chris Martin;36;LAD;NL;1;0;0;0;0;0;0;0;0;0;0;0;0;0;0;0;0;0;0;0;0;0;0;0
551;Richie Martin;27;BAL;AL;13;33;30;4;5;0;2;0;3;3;1;3;10;0.167;0.242;0.3;0.542;56;9;0;0;0;0;0
552;J.D. Martinez;34;BOS;AL;139;596;533;76;146;43;1;16;62;0;0;52;145;0.274;0.341;0.448;0.79;117;239;20;5;0;5;1
553;Michael Massey*;24;KCR;AL;52;194;173;16;42;9;1;4;17;3;0;9;46;0.243;0.307;0.376;0.683;94;65;1;8;2;2;0
554;Miles Mastrobuoni*;26;TBR;AL;8;17;16;1;3;0;0;0;0;1;0;1;6;0.188;0.235;0.188;0.423;26;3;0;0;0;0;0
555;Jorge Mateo;27;BAL;AL;150;533;494;63;109;25;7;13;50;35;9;27;147;0.221;0.267;0.379;0.646;84;187;8;5;3;2;0
556;Mark Mathias;27;TOT;MLB;30;91;81;13;20;3;0;6;20;3;0;9;30;0.247;0.319;0.506;0.825;130;41;0;0;0;1;0
557;Mark Mathias;27;MIL;NL;6;17;16;2;2;0;0;1;4;1;0;0;4;0.125;0.118;0.313;0.43;17;5;0;0;0;1;0
558;Mark Mathias;27;TEX;AL;24;74;65;11;18;3;0;5;16;2;0;9;26;0.277;0.365;0.554;0.919;157;36;0;0;0;0;0
559;J.J. Matijevic*;26;HOU;AL;32;71;67;7;14;2;0;2;5;1;0;2;25;0.209;0.254;0.328;0.582;66;22;1;2;0;0;0
560;Nick Maton*;25;PHI;NL;34;85;72;13;18;2;1;5;17;0;0;10;29;0.25;0.341;0.514;0.855;139;37;0;1;0;2;0
561;Jack Mayfield;31;LAA;AL;23;74;70;8;13;1;1;1;6;1;0;3;17;0.186;0.23;0.271;0.501;42;19;1;1;0;0;0
562;Nomar Mazara*;27;SDP;NL;55;171;159;16;42;8;0;2;18;0;0;10;40;0.264;0.316;0.352;0.668;95;56;3;2;0;0;0
563;Patrick Mazeika*;28;NYM;NL;24;72;68;4;13;4;0;1;6;0;0;2;9;0.191;0.214;0.294;0.508;45;20;0;0;2;0;0
564;James McCann;32;NYM;NL;61;191;174;19;34;6;0;3;18;3;0;11;46;0.195;0.257;0.282;0.538;56;49;5;4;0;2;0
565;Jake McCarthy*;24;ARI;NL;99;354;321;53;91;16;3;8;43;23;3;23;76;0.283;0.342;0.427;0.769;118;137;3;6;3;1;0
566;Chas McCormick;27;HOU;AL;119;407;359;47;88;12;2;14;44;4;3;46;106;0.245;0.332;0.407;0.738;111;146;5;1;0;1;0
567;Andrew McCutchen;35;MIL;NL;134;580;515;66;122;25;0;17;69;8;6;57;124;0.237;0.316;0.384;0.7;98;198;10;4;0;4;1
568;Mickey McDonald#;27;OAK;AL;4;6;4;0;0;0;0;0;0;0;0;2;3;0;0.333;0;0.333;10;0;0;0;0;0;0
569;Reese McGuire*;27;TOT;AL;89;274;249;25;67;14;1;3;22;1;0;12;56;0.269;0.307;0.369;0.677;90;92;6;3;6;3;0
570;Reese McGuire*;27;CHW;AL;53;166;151;12;34;9;0;0;10;0;0;6;33;0.225;0.261;0.285;0.546;56;43;2;2;5;2;0
571;Reese McGuire*;27;BOS;AL;36;108;98;13;33;5;1;3;12;1;0;6;23;0.337;0.377;0.5;0.877;141;49;4;1;1;1;0
572;Ryan McKenna;25;BAL;AL;104;172;156;23;37;10;0;2;11;2;1;11;55;0.237;0.294;0.34;0.634;83;53;3;2;2;1;1
573;Billy McKinney*;27;OAK;AL;23;57;52;3;5;1;0;1;4;0;0;4;16;0.096;0.158;0.173;0.331;-2;9;0;0;0;1;1
574;Zach McKinstry*;27;TOT;NL;57;185;166;21;33;6;3;5;14;7;0;16;52;0.199;0.273;0.361;0.635;77;60;0;1;2;0;0
575;Zach McKinstry*;27;LAD;NL;10;14;11;4;1;0;0;1;2;0;0;3;4;0.091;0.286;0.364;0.649;80;4;0;0;0;0;0
576;Zach McKinstry*;27;CHC;NL;47;171;155;17;32;6;3;4;12;7;0;13;48;0.206;0.272;0.361;0.633;77;56;0;1;2;0;0
577;Ryan McMahon*;27;COL;NL;153;597;529;67;130;23;3;20;67;7;3;60;158;0.246;0.327;0.414;0.741;98;219;7;5;0;3;0
578;Jeff McNeil*;30;NYM;NL;148;589;533;73;174;39;1;9;62;4;0;40;61;0.326;0.382;0.454;0.836;141;242;6;11;0;5;1
579;Austin Meadows*;27;DET;AL;36;147;128;9;32;6;2;0;11;0;1;16;17;0.25;0.347;0.328;0.675;98;42;2;3;0;0;0
580;Adonis Medina;25;NYM;NL;2;0;0;0;0;0;0;0;0;0;0;0;0;0;0;0;0;0;0;0;0;0;0;0
581;Francisco Mejía#;26;TBR;AL;93;299;289;32;70;22;0;6;31;0;0;7;65;0.242;0.264;0.381;0.645;86;110;6;2;0;1;0
582;Mark Melancon;37;ARI;NL;2;0;0;0;0;0;0;0;0;0;0;0;0;0;0;0;0;0;0;0;0;0;0;0
583;MJ Melendez*;23;KCR;AL;129;534;460;57;100;21;3;18;62;2;3;66;131;0.217;0.313;0.393;0.706;100;181;2;1;0;7;1
584;Danny Mendick;28;CHW;AL;31;106;97;22;28;4;1;3;15;1;0;7;23;0.289;0.343;0.443;0.786;122;43;2;1;1;0;0
585;Joey Meneses;30;WSN;NL;56;240;222;33;72;14;0;13;34;1;0;15;52;0.324;0.367;0.563;0.93;165;125;13;1;0;2;2
586;Óscar Mercado;27;TOT;MLB;55;128;121;17;25;6;1;4;16;2;2;5;29;0.207;0.242;0.372;0.614;75;45;8;1;0;1;0
587;Óscar Mercado;27;TOT;AL;54;127;120;17;25;6;1;4;16;2;2;5;28;0.208;0.244;0.375;0.619;76;45;8;1;0;1;0
588;Óscar Mercado;27;CLE;AL;49;119;114;17;23;6;1;4;16;2;2;3;27;0.202;0.227;0.377;0.604;71;43;4;1;0;1;0
589;Óscar Mercado;27;PHI;NL;1;1;1;0;0;0;0;0;0;0;0;0;1;0;0;0;0;-100;0;0;0;0;0;0
590;Óscar Mercado;27;CLE;AL;5;8;6;0;2;0;0;0;0;0;0;2;1;0.333;0.5;0.333;0.833;149;2;4;0;0;0;0
591;Yermín Mercedes;29;SFG;NL;31;83;73;9;17;5;0;1;8;0;0;9;17;0.233;0.325;0.342;0.668;91;25;1;1;0;0;0
592;Whit Merrifield;33;TOT;AL;139;550;504;70;126;28;1;11;58;16;5;38;85;0.25;0.298;0.375;0.673;91;189;11;0;0;8;0
593;Whit Merrifield;33;KCR;AL;95;420;383;51;92;23;1;6;42;15;3;30;61;0.24;0.29;0.352;0.643;82;135;8;0;0;7;0
594;Whit Merrifield;33;TOR;AL;44;130;121;19;34;5;0;5;16;1;2;8;24;0.281;0.323;0.446;0.769;120;54;3;0;0;1;0
595;Jake Meyers;26;HOU;AL;52;160;150;13;34;6;2;1;15;2;1;7;54;0.227;0.269;0.313;0.582;67;47;1;2;0;1;0
596;Keynan Middleton;28;ARI;NL;1;0;0;0;0;0;0;0;0;0;0;0;0;0;0;0;0;0;0;0;0;0;0;0
597;Brad Miller*;32;TEX;AL;81;241;222;20;47;3;0;7;32;4;2;18;70;0.212;0.27;0.32;0.59;67;71;3;0;0;1;0
598;Owen Miller;25;CLE;AL;130;472;424;53;103;26;1;6;51;2;0;32;93;0.243;0.301;0.351;0.652;89;149;8;7;0;9;1
599;Alec Mills;30;CHC;NL;1;0;0;0;0;0;0;0;0;0;0;0;0;0;0;0;0;0;0;0;0;0;0;0
600;Wyatt Mills;27;TOT;AL;1;0;0;0;0;0;0;0;0;0;0;0;0;0;0;0;0;0;0;0;0;0;0;0
601;Wyatt Mills;27;SEA;AL;1;0;0;0;0;0;0;0;0;0;0;0;0;0;0;0;0;0;0;0;0;0;0;0
602;Jose Miranda;24;MIN;AL;125;483;444;45;119;25;0;15;66;1;1;28;91;0.268;0.325;0.426;0.751;113;189;19;10;0;1;0
603;Calvin Mitchell*;23;PIT;NL;69;232;212;21;48;11;0;5;17;3;1;18;52;0.226;0.286;0.349;0.635;79;74;3;0;1;1;0
604;Garrett Mitchell*;23;MIL;NL;28;68;61;9;19;3;0;2;9;8;0;6;28;0.311;0.373;0.459;0.832;135;28;0;0;1;0;0
605;Yadier Molina;39;STL;NL;78;270;262;19;56;8;0;5;24;2;0;5;40;0.214;0.233;0.302;0.535;52;79;10;2;0;1;0
606;Yoán Moncada#;27;CHW;AL;104;433;397;41;84;18;1;12;51;2;0;32;114;0.212;0.273;0.353;0.626;77;140;5;2;1;1;2
607;Adalberto Mondesí#;26;KCR;AL;15;54;50;3;7;0;0;0;3;5;0;4;20;0.14;0.204;0.14;0.344;1;7;2;0;0;0;0
608;Nate Mondou*;27;OAK;AL;1;3;2;0;0;0;0;0;0;0;0;1;1;0;0.333;0;0.333;10;0;0;0;0;0;0
609;Mickey Moniak*;24;TOT;MLB;37;112;106;13;18;3;1;3;8;1;0;4;44;0.17;0.207;0.302;0.509;42;32;0;1;1;0;0
610;Mickey Moniak*;24;PHI;NL;18;50;46;4;6;1;0;0;2;0;0;3;19;0.13;0.184;0.152;0.336;-3;7;0;0;1;0;0
611;Mickey Moniak*;24;LAA;AL;19;62;60;9;12;2;1;3;6;1;0;1;25;0.2;0.226;0.417;0.642;77;25;0;1;0;0;0
612;Elehuris Montero;23;COL;NL;53;185;176;21;41;15;1;6;20;0;0;8;60;0.233;0.27;0.432;0.702;85;76;4;1;0;0;0
613;Dylan Moore;29;SEA;AL;104;255;205;41;46;11;2;6;24;21;8;34;75;0.224;0.368;0.385;0.753;121;79;5;13;1;1;2
614;Colin Moran*;29;CIN;NL;42;128;109;11;23;3;0;5;23;0;0;16;30;0.211;0.305;0.376;0.681;85;41;4;0;0;3;0
615;Christopher Morel;23;CHC;NL;113;425;379;55;89;19;4;16;47;10;7;38;137;0.235;0.308;0.433;0.741;106;164;6;3;3;2;0
616;Gabriel Moreno;22;TOR;AL;25;73;69;10;22;1;0;1;7;0;0;4;8;0.319;0.356;0.377;0.733;113;26;2;0;0;0;0
617;Dauri Moreta;26;CIN;NL;1;0;0;0;0;0;0;0;0;0;0;0;0;0;0;0;0;0;0;0;0;0;0;0
618;Reyes Moronta;29;TOT;NL;1;0;0;0;0;0;0;0;0;0;0;0;0;0;0;0;0;0;0;0;0;0;0;0
619;Reyes Moronta;29;ARI;NL;1;0;0;0;0;0;0;0;0;0;0;0;0;0;0;0;0;0;0;0;0;0;0;0
620;Taylor Motter;32;CIN;NL;2;6;6;0;1;0;0;0;0;0;0;0;3;0.167;0.167;0.167;0.333;-8;1;0;0;0;0;0
621;Ryan Mountcastle;25;BAL;AL;145;609;555;62;139;28;1;22;85;4;1;43;154;0.25;0.305;0.423;0.729;108;235;12;4;0;7;1
622;Mike Moustakas*;33;CIN;NL;78;285;252;30;54;12;0;7;25;2;0;24;75;0.214;0.295;0.345;0.64;74;87;8;6;0;3;0
623;Cedric Mullins*;27;BAL;AL;156;672;608;89;157;32;4;16;64;34;10;47;126;0.258;0.318;0.403;0.721;107;245;4;9;1;5;2
624;Max Muncy*;31;LAD;NL;136;565;464;69;91;22;1;21;69;2;0;90;141;0.196;0.329;0.384;0.713;99;178;2;5;0;6;1
625;Yairo Muñoz;27;PHI;NL;29;60;57;7;12;2;0;3;7;1;0;3;10;0.211;0.25;0.404;0.654;82;23;0;0;0;0;0
626;Penn Murfee;28;SEA;AL;1;0;0;0;0;0;0;0;0;0;0;0;0;0;0;0;0;0;0;0;0;0;0;0
627;Sean Murphy;27;OAK;AL;148;612;537;67;134;37;2;18;66;1;0;56;124;0.25;0.332;0.426;0.759;122;229;14;13;0;5;2
628;Tom Murphy;31;SEA;AL;14;42;33;9;10;2;0;1;1;0;0;8;13;0.303;0.439;0.455;0.894;162;15;1;0;0;0;0
629;Símon Muzziotti*;23;PHI;NL;9;9;7;0;1;0;0;0;0;0;0;0;2;0.143;0.25;0.143;0.393;16;1;0;1;1;0;0
630;Wil Myers;31;SDP;NL;77;286;261;29;68;15;0;7;41;2;1;21;86;0.261;0.315;0.398;0.713;107;104;7;1;0;3;1
631;Tyler Naquin*;31;TOT;NL;105;334;310;47;71;19;4;11;46;4;2;19;93;0.229;0.282;0.423;0.705;93;131;3;4;1;0;2
632;Tyler Naquin*;31;CIN;NL;56;204;187;29;46;12;2;7;33;3;2;13;53;0.246;0.305;0.444;0.749;101;83;1;3;1;0;2
633;Tyler Naquin*;31;NYM;NL;49;130;123;18;25;7;2;4;13;1;0;6;40;0.203;0.246;0.39;0.636;80;48;2;1;0;0;0
634;Andrew Nardi*;23;MIA;NL;1;0;0;0;0;0;0;0;0;0;0;0;0;0;0;0;0;0;0;0;0;0;0;0
635;Omar Narváez*;30;MIL;NL;84;296;262;21;54;12;1;4;23;0;0;29;57;0.206;0.292;0.305;0.597;70;80;4;3;1;1;1
636;Bo Naylor*;22;CLE;AL;5;8;8;0;0;0;0;0;0;0;0;0;5;0;0;0;0;-100;0;0;0;0;0;0
637;Josh Naylor*;25;CLE;AL;122;498;449;47;115;28;0;20;79;6;1;38;80;0.256;0.319;0.452;0.771;121;203;13;6;0;5;4
638;Kyle Nelson*;25;ARI;NL;2;0;0;0;0;0;0;0;0;0;0;0;0;0;0;0;0;0;0;0;0;0;0;0
639;Sheldon Neuse;27;OAK;AL;89;293;271;25;58;4;2;4;26;6;1;20;80;0.214;0.273;0.288;0.561;66;78;5;2;0;0;0
640;Tyler Nevin;25;BAL;AL;58;184;157;17;31;4;0;2;16;0;0;20;46;0.197;0.299;0.261;0.56;64;41;4;4;0;3;0
641;Kevin Newman;28;PIT;NL;78;309;288;31;79;18;2;2;24;8;2;16;48;0.274;0.316;0.372;0.687;94;107;6;2;2;1;0
642;Tomás Nido;28;NYM;NL;98;313;284;31;68;15;0;3;28;0;0;14;76;0.239;0.276;0.324;0.6;73;92;14;1;12;2;0
643;Brandon Nimmo*;29;NYM;NL;151;673;580;102;159;30;7;16;64;3;2;71;116;0.274;0.367;0.433;0.8;131;251;9;16;3;3;0
644;Austin Nola;32;SDP;NL;110;397;347;40;87;15;0;4;40;2;1;34;60;0.251;0.321;0.329;0.649;91;114;5;6;1;9;1
645;Lars Nootbaar*;24;STL;NL;108;347;290;53;66;16;3;14;40;4;1;51;71;0.228;0.34;0.448;0.788;124;130;3;1;0;5;1
646;Daniel Norris*;29;TOT;MLB;1;0;0;0;0;0;0;0;0;0;0;0;0;0;0;0;0;0;0;0;0;0;0;0
647;Daniel Norris*;29;CHC;NL;1;0;0;0;0;0;0;0;0;0;0;0;0;0;0;0;0;0;0;0;0;0;0;0
648;Dom Nuñez*;27;COL;NL;14;41;33;3;4;1;0;0;2;0;0;6;10;0.121;0.244;0.152;0.395;10;5;0;0;0;2;0
649;Ryan O'Hearn*;28;KCR;AL;67;145;134;14;32;6;1;1;16;0;0;8;35;0.239;0.29;0.321;0.611;74;43;2;2;0;1;0
650;Logan O'Hoppe;22;LAA;AL;5;16;14;1;4;0;0;0;2;0;0;2;3;0.286;0.375;0.286;0.661;92;4;0;0;0;0;0
651;Brian O'Keefe;28;SEA;AL;2;4;3;0;1;0;0;0;0;0;0;1;2;0.333;0.5;0.333;0.833;151;1;0;0;0;0;0
652;Tyler O'Neill;27;STL;NL;96;383;334;56;76;11;1;14;58;14;4;38;103;0.228;0.308;0.392;0.7;99;131;9;4;0;7;0
653;Rougned Odor*;28;BAL;AL;135;472;426;49;88;19;3;13;53;6;1;32;109;0.207;0.275;0.357;0.632;81;152;9;10;0;4;1
654;Shohei Ohtani*;27;LAA;AL;157;666;586;90;160;30;6;34;95;11;9;72;161;0.273;0.356;0.519;0.875;144;304;6;5;0;3;14
655;Steven Okert*;30;MIA;NL;1;0;0;0;0;0;0;0;0;0;0;0;0;0;0;0;0;0;0;0;0;0;0;0
656;Chris Okey;27;CIN;NL;7;13;12;3;2;0;0;0;0;0;0;0;5;0.167;0.231;0.167;0.397;11;2;0;1;0;0;0
657;Edward Olivares;26;KCR;AL;53;174;161;24;46;8;0;4;15;2;3;10;36;0.286;0.333;0.41;0.743;111;66;1;2;0;1;0
658;Matt Olson*;28;ATL;NL;162;699;616;86;148;44;0;34;103;0;0;75;170;0.24;0.325;0.477;0.802;120;294;13;4;0;4;6
659;Rafael Ortega*;31;CHC;NL;118;371;316;35;76;14;1;7;35;12;7;44;74;0.241;0.331;0.358;0.688;94;113;10;2;1;7;2
660;James Outman*;25;LAD;NL;4;16;13;6;6;2;0;1;3;0;0;2;7;0.462;0.563;0.846;1.409;287;11;0;1;0;0;0
661;Chris Owings;30;BAL;AL;26;68;56;6;6;2;0;0;0;1;0;10;24;0.107;0.254;0.143;0.397;19;8;3;1;1;0;0
662;Marcell Ozuna;31;ATL;NL;124;507;470;56;106;19;0;23;56;2;1;31;122;0.226;0.274;0.413;0.687;88;194;12;2;0;4;0
663;Cristian Pache;23;OAK;AL;91;260;241;18;40;5;2;3;18;2;2;15;70;0.166;0.218;0.241;0.459;35;58;5;1;3;0;0
664;Kevin Padlo;25;TOT;MLB;13;34;33;0;4;1;0;0;3;0;0;1;10;0.121;0.147;0.152;0.299;-14;5;2;0;0;0;0
665;Kevin Padlo;25;TOT;NL;7;23;23;0;2;0;0;0;0;0;0;0;5;0.087;0.087;0.087;0.174;-50;2;2;0;0;0;0
666;Kevin Padlo;25;SFG;NL;4;12;12;0;2;0;0;0;0;0;0;0;4;0.167;0.167;0.167;0.333;-5;2;1;0;0;0;0
667;Kevin Padlo;25;SEA;AL;6;11;10;0;2;1;0;0;3;0;0;1;5;0.2;0.273;0.3;0.573;68;3;0;0;0;0;0
668;Kevin Padlo;25;PIT;NL;3;11;11;0;0;0;0;0;0;0;0;0;1;0;0;0;0;-100;0;1;0;0;0;0
669;Jermaine Palacios;25;MIN;AL;30;77;70;8;10;0;0;2;6;0;0;4;27;0.143;0.184;0.229;0.413;17;16;2;0;1;2;0
670;Josh Palacios*;26;WSN;NL;29;49;47;8;10;2;0;0;2;1;0;1;15;0.213;0.245;0.255;0.5;46;12;0;1;0;0;0
671;Richie Palacios*;25;CLE;AL;54;123;112;7;26;6;0;0;10;2;0;9;20;0.232;0.293;0.286;0.578;69;32;2;1;0;1;1
672;Michael Papierski#;26;TOT;NL;39;103;91;7;13;1;0;1;4;0;0;10;26;0.143;0.228;0.187;0.415;16;17;4;0;2;0;0
673;Michael Papierski#;26;SFG;NL;5;10;9;1;0;0;0;0;0;0;0;1;4;0;0.1;0;0.1;-68;0;0;0;0;0;0
674;Michael Papierski#;26;CIN;NL;34;93;82;6;13;1;0;1;4;0;0;9;22;0.159;0.242;0.207;0.449;25;17;4;0;2;0;0
675;Isaac Paredes;23;TBR;AL;111;381;331;48;68;16;0;20;45;0;1;44;67;0.205;0.304;0.435;0.74;113;144;12;4;0;2;0
676;Hoy Park*;26;PIT;NL;23;60;51;7;11;2;0;2;6;1;0;4;15;0.216;0.276;0.373;0.648;82;19;0;1;2;2;0
677;Vinnie Pasquantino*;24;KCR;AL;72;298;258;25;76;10;0;10;26;1;0;35;34;0.295;0.383;0.45;0.832;136;116;5;3;0;2;1
678;Joel Payamps;28;TOT;AL;2;0;0;0;0;0;0;0;0;0;0;0;0;0;0;0;0;0;0;0;0;0;0;0
679;Joel Payamps;28;KCR;AL;1;0;0;0;0;0;0;0;0;0;0;0;0;0;0;0;0;0;0;0;0;0;0;0
680;Joel Payamps;28;OAK;AL;1;0;0;0;0;0;0;0;0;0;0;0;0;0;0;0;0;0;0;0;0;0;0;0
681;Mark Payton*;30;CHW;AL;8;25;21;3;3;0;0;0;1;0;0;4;4;0.143;0.28;0.143;0.423;26;3;0;0;0;0;0
682;Joc Pederson*;30;SFG;NL;134;433;380;57;104;19;3;23;70;3;2;42;100;0.274;0.353;0.521;0.874;145;198;5;7;0;4;3
683;Liover Peguero;21;PIT;NL;1;4;3;0;1;0;0;0;0;0;0;1;2;0.333;0.5;0.333;0.833;143;1;0;0;0;0;0
684;Jeremy Peña;24;HOU;AL;136;558;521;72;132;20;2;22;63;11;2;22;135;0.253;0.289;0.426;0.715;102;222;5;6;1;5;0
685;David Peralta*;34;TOT;MLB;134;490;439;39;110;30;3;12;59;1;3;41;114;0.251;0.316;0.415;0.731;109;182;8;4;0;6;5
686;David Peralta*;34;ARI;NL;87;310;278;29;69;19;2;12;41;1;2;27;74;0.248;0.316;0.46;0.777;118;128;6;2;0;3;4
687;David Peralta*;34;TBR;AL;47;180;161;10;41;11;1;0;18;0;1;14;40;0.255;0.317;0.335;0.652;91;54;2;2;0;3;1
688;Oswald Peraza;22;NYY;AL;18;57;49;8;15;3;0;1;2;2;0;6;9;0.306;0.404;0.429;0.832;140;21;3;2;0;0;0
689;Geraldo Perdomo#;22;ARI;NL;148;500;431;58;84;10;2;5;40;9;2;50;103;0.195;0.285;0.262;0.547;58;113;3;5;12;2;0
690;Carlos Pérez;25;CHW;AL;7;18;18;0;4;2;0;0;2;0;0;0;2;0.222;0.222;0.333;0.556;56;6;1;0;0;0;0
691;Cionel Pérez;26;BAL;AL;2;0;0;0;0;0;0;0;0;0;0;0;0;0;0;0;0;0;0;0;0;0;0;0
692;Joe Perez;22;HOU;AL;1;1;1;0;0;0;0;0;0;0;0;0;1;0;0;0;0;-100;0;0;0;0;0;0
693;Michael Perez*;29;TOT;NL;45;132;121;10;18;0;0;6;14;1;0;10;32;0.149;0.214;0.298;0.511;43;36;2;0;1;0;0
694;Michael Perez*;29;PIT;NL;39;116;107;8;16;0;0;6;11;1;0;8;26;0.15;0.209;0.318;0.526;46;34;2;0;1;0;0
695;Michael Perez*;29;NYM;NL;6;16;14;2;2;0;0;0;3;0;0;2;6;0.143;0.25;0.143;0.393;18;2;0;0;0;0;0
696;Roberto Pérez;33;PIT;NL;21;69;60;8;14;2;0;2;8;0;0;9;25;0.233;0.333;0.367;0.7;98;22;1;0;0;0;0
697;Salvador Perez;32;KCR;AL;114;473;445;48;113;23;1;23;76;0;0;18;109;0.254;0.292;0.465;0.757;111;207;9;7;0;3;2
698;Jace Peterson*;32;MIL;NL;112;328;288;44;68;14;2;8;34;12;1;33;85;0.236;0.316;0.382;0.698;98;110;8;2;2;3;2
699;Tommy Pham;34;TOT;MLB;144;622;554;89;131;23;1;17;63;8;3;56;167;0.236;0.312;0.374;0.686;87;207;20;7;0;5;0
700;Tommy Pham;34;CIN;NL;91;387;340;57;81;11;1;11;39;7;2;42;100;0.238;0.32;0.374;0.694;89;127;13;1;0;4;0
701;Tommy Pham;34;BOS;AL;53;235;214;32;50;12;0;6;24;1;1;14;67;0.234;0.298;0.374;0.672;85;80;7;6;0;1;0
702;Brett Phillips*;28;TOT;AL;83;225;201;22;29;6;0;5;15;7;0;16;94;0.144;0.217;0.249;0.466;36;50;0;3;4;1;0
703;Brett Phillips*;28;TBR;AL;75;208;184;21;27;4;0;5;14;7;0;16;85;0.147;0.225;0.25;0.475;39;46;0;3;4;1;0
704;Brett Phillips*;28;BAL;AL;8;17;17;1;2;2;0;0;1;0;0;0;9;0.118;0.118;0.235;0.353;-2;4;0;0;0;0;0
705;Evan Phillips;27;LAD;NL;1;1;0;0;0;0;0;0;0;0;0;1;0;0;1;0;0;0;0;0;0;0;0;0
706;Kevin Pillar;33;LAD;NL;4;13;12;1;1;1;0;0;0;0;0;1;4;0.083;0.154;0.167;0.321;-10;2;1;0;0;0;0
707;Manny Piña;35;ATL;NL;5;17;14;1;2;0;0;0;2;0;0;1;1;0.143;0.235;0.143;0.378;9;2;0;1;0;1;0
708;Chad Pinder;30;OAK;AL;111;379;361;38;85;18;0;12;42;2;0;14;118;0.235;0.263;0.385;0.648;88;139;10;0;1;2;0
709;Israel Pineda;22;WSN;NL;4;14;13;1;1;0;0;0;0;0;0;1;7;0.077;0.143;0.077;0.22;-33;1;0;0;0;0;0
710;René Pinto;25;TBR;AL;25;83;80;5;17;3;0;2;10;0;0;2;35;0.213;0.241;0.325;0.566;64;26;3;1;0;0;0
711;Stephen Piscotty;31;OAK;AL;42;139;126;12;24;4;0;5;14;2;0;9;48;0.19;0.252;0.341;0.593;73;43;2;2;0;2;1
712;Kevin Plawecki;31;TOT;AL;63;186;168;15;37;8;0;1;13;0;0;14;32;0.22;0.286;0.286;0.572;60;48;6;2;1;1;0
713;Kevin Plawecki;31;BOS;AL;60;175;157;15;34;8;0;1;12;0;0;14;28;0.217;0.287;0.287;0.574;60;45;5;2;1;1;0
714;Kevin Plawecki;31;TEX;AL;3;11;11;0;3;0;0;0;1;0;0;0;4;0.273;0.273;0.273;0.545;56;3;1;0;0;0;0
715;Nick Plummer*;25;NYM;NL;14;31;29;4;4;1;0;2;6;0;0;1;12;0.138;0.194;0.379;0.573;61;11;1;1;0;0;0
716;Jorge Polanco#;28;MIN;AL;104;445;375;54;88;16;0;16;56;3;3;64;95;0.235;0.346;0.405;0.751;114;152;4;2;0;4;1
717;AJ Pollock;34;CHW;AL;138;527;489;61;120;26;1;14;56;3;1;32;98;0.245;0.292;0.389;0.681;92;190;13;2;0;4;0
718;Zach Pop;25;TOT;MLB;1;0;0;0;0;0;0;0;0;0;0;0;0;0;0;0;0;0;0;0;0;0;0;0
719;Zach Pop;25;MIA;NL;1;0;0;0;0;0;0;0;0;0;0;0;0;0;0;0;0;0;0;0;0;0;0;0
720;Sean Poppen;28;ARI;NL;2;0;0;0;0;0;0;0;0;0;0;0;0;0;0;0;0;0;0;0;0;0;0;0
721;Nick Pratto*;23;KCR;AL;49;182;158;18;29;9;1;7;20;0;0;19;66;0.184;0.271;0.386;0.657;84;61;6;1;1;3;0
722;David Price*;36;LAD;NL;1;0;0;0;0;0;0;0;0;0;0;0;0;0;0;0;0;0;0;0;0;0;0;0
723;Ford Proctor*;25;SFG;NL;7;22;18;3;2;0;0;1;6;0;0;2;3;0.111;0.182;0.278;0.46;28;5;0;0;0;2;0
724;Jurickson Profar#;29;SDP;NL;152;658;575;82;140;36;2;15;58;5;1;73;103;0.243;0.331;0.391;0.723;110;225;12;4;3;3;0
725;Albert Pujols;42;STL;NL;109;351;307;42;83;14;0;24;68;1;2;28;55;0.27;0.345;0.55;0.895;151;169;13;10;0;6;1
726;Roman Quinn#;29;TOT;MLB;44;87;79;15;17;3;2;0;7;4;3;7;36;0.215;0.287;0.304;0.591;71;24;0;1;0;0;0
727;Roman Quinn#;29;PHI;NL;23;40;37;8;6;1;0;0;3;4;1;3;15;0.162;0.225;0.189;0.414;20;7;0;0;0;0;0
728;Roman Quinn#;29;TBR;AL;21;47;42;7;11;2;2;0;4;0;2;4;21;0.262;0.34;0.405;0.745;117;17;0;1;0;0;0
729;Esteban Quiroz*;30;CHC;NL;14;47;40;3;11;0;0;0;3;1;1;4;9;0.275;0.37;0.275;0.645;86;11;0;2;1;0;0
730;Cal Raleigh#;25;SEA;AL;119;415;370;46;78;20;1;27;63;1;0;38;122;0.211;0.284;0.489;0.774;121;181;5;2;0;5;0
731;Luke Raley*;27;TBR;AL;22;72;61;7;12;2;0;1;4;0;0;7;24;0.197;0.306;0.279;0.584;73;17;1;3;0;1;0
732;Harold Ramírez;27;TBR;AL;120;435;403;46;121;24;0;6;58;3;5;19;72;0.3;0.343;0.404;0.747;118;163;5;9;0;4;1
733;José Ramírez#;29;CLE;AL;157;685;601;90;168;44;5;29;126;20;7;69;82;0.28;0.355;0.514;0.869;148;309;5;6;0;9;20
734;Noé Ramirez;32;ARI;NL;1;0;0;0;0;0;0;0;0;0;0;0;0;0;0;0;0;0;0;0;0;0;0;0
735;Heliot Ramos;22;SFG;NL;9;22;20;4;2;0;0;0;0;0;0;2;6;0.1;0.182;0.1;0.282;-17;2;1;0;0;0;0
736;J.T. Realmuto;31;PHI;NL;139;562;504;75;139;26;5;22;84;21;1;41;119;0.276;0.342;0.478;0.82;130;241;7;12;0;5;1
737;Jake Reed;29;TOT;MLB;2;0;0;0;0;0;0;0;0;0;0;0;0;0;0;0;0;0;0;0;0;0;0;0
738;Jake Reed;29;TOT;NL;1;0;0;0;0;0;0;0;0;0;0;0;0;0;0;0;0;0;0;0;0;0;0;0
739;Jake Reed;29;LAD;NL;1;0;0;0;0;0;0;0;0;0;0;0;0;0;0;0;0;0;0;0;0;0;0;0
740;Jake Reed;29;BAL;AL;1;0;0;0;0;0;0;0;0;0;0;0;0;0;0;0;0;0;0;0;0;0;0;0
741;Rob Refsnyder;31;BOS;AL;57;177;153;25;47;11;0;6;21;1;1;15;46;0.307;0.384;0.497;0.881;142;76;1;6;0;3;0
742;Zach Reks*;28;TEX;AL;16;34;34;3;9;1;0;0;3;0;1;0;10;0.265;0.265;0.294;0.559;59;10;0;0;0;0;0
743;Anthony Rendon;32;LAA;AL;47;193;166;15;38;10;0;5;24;2;0;23;35;0.229;0.326;0.38;0.706;100;63;7;2;0;2;0
744;Hunter Renfroe;30;MIL;NL;125;522;474;62;121;23;1;29;72;1;1;39;121;0.255;0.315;0.492;0.807;125;233;11;4;2;3;1
745;Luis Rengifo#;25;LAA;AL;127;511;489;45;129;22;4;17;52;6;2;17;79;0.264;0.294;0.429;0.724;102;210;11;4;1;0;0
746;Franmil Reyes;26;TOT;MLB;118;473;438;43;97;17;2;14;47;2;1;30;157;0.221;0.273;0.365;0.638;81;160;12;2;0;3;0
747;Franmil Reyes;26;CLE;AL;70;280;263;24;56;9;0;9;28;2;0;14;104;0.213;0.254;0.35;0.603;73;92;8;1;0;2;0
748;Franmil Reyes;26;CHC;NL;48;193;175;19;41;8;2;5;19;0;1;16;53;0.234;0.301;0.389;0.689;93;68;4;1;0;1;0
749;Pablo Reyes;28;MIL;NL;5;16;15;1;4;0;0;0;0;0;0;1;2;0.267;0.313;0.267;0.579;67;4;0;0;0;0;0
750;Victor Reyes#;27;DET;AL;92;336;315;27;80;19;3;3;34;2;2;13;77;0.254;0.289;0.362;0.651;87;114;7;4;0;4;0
751;Bryan Reynolds#;27;PIT;NL;145;614;542;74;142;19;4;27;62;7;3;56;141;0.262;0.345;0.461;0.807;126;250;13;14;0;2;6
752;Matt Reynolds;31;TOT;NL;93;272;244;31;60;10;1;3;23;5;0;26;78;0.246;0.32;0.332;0.652;79;81;7;1;0;1;0
753;Matt Reynolds;31;NYM;NL;1;0;0;0;0;0;0;0;0;0;0;0;0;0;0;0;0;0;0;0;0;0;0;0
754;Matt Reynolds;31;CIN;NL;92;272;244;31;60;10;1;3;23;5;0;26;78;0.246;0.32;0.332;0.652;79;81;7;1;0;1;0
755;JT Riddle*;30;CIN;NL;2;4;4;0;1;0;0;0;0;0;0;0;1;0.25;0.25;0.25;0.5;37;1;0;0;0;0;0
756;Austin Riley;25;ATL;NL;159;693;615;90;168;39;2;38;93;2;0;57;168;0.273;0.349;0.528;0.878;140;325;13;17;0;4;1
757;Edwin Rios*;28;LAD;NL;27;92;86;12;21;1;0;7;17;0;1;5;36;0.244;0.293;0.5;0.793;116;43;2;1;0;0;1
758;Alfonso Rivas*;25;CHC;NL;101;287;251;27;59;5;2;3;25;6;1;29;87;0.235;0.322;0.307;0.628;79;77;1;4;1;2;1
759;Emmanuel Rivera;26;TOT;MLB;102;359;330;46;77;16;3;12;40;1;2;23;83;0.233;0.292;0.409;0.702;97;135;8;5;0;1;0
760;Emmanuel Rivera;26;KCR;AL;63;211;198;24;47;8;3;6;22;0;0;11;46;0.237;0.284;0.399;0.683;92;79;7;2;0;0;0
761;Emmanuel Rivera;26;ARI;NL;39;148;132;22;30;8;0;6;18;1;2;12;37;0.227;0.304;0.424;0.728;105;56;1;3;0;1;0
762;Sebastián Rivero;23;KCR;AL;17;29;26;2;4;0;0;0;1;0;0;2;10;0.154;0.214;0.154;0.368;8;4;0;0;1;0;0
763;Anthony Rizzo*;32;NYY;AL;130;548;465;77;104;21;1;32;75;6;5;58;101;0.224;0.338;0.48;0.817;132;223;13;23;0;2;6
764;Luis Robert Jr.;24;CHW;AL;98;401;380;54;108;18;0;12;56;11;3;17;77;0.284;0.319;0.426;0.746;110;162;6;3;0;1;1
765;David Robertson;37;TOT;NL;2;1;1;0;0;0;0;0;0;0;0;0;1;0;0;0;0;-100;0;0;0;0;0;0
766;David Robertson;37;CHC;NL;2;1;1;0;0;0;0;0;0;0;0;0;1;0;0;0;0;-100;0;0;0;0;0;0
767;Kramer Robertson;27;STL;NL;2;1;1;0;0;0;0;0;1;0;0;0;0;0;0;0;0;-100;0;0;0;0;0;0
768;Chuckie Robinson;27;CIN;NL;25;60;59;3;8;2;0;2;5;0;0;0;17;0.136;0.136;0.271;0.407;7;16;5;0;1;0;0
769;Victor Robles;25;WSN;NL;132;407;366;42;82;10;2;6;33;15;4;17;104;0.224;0.273;0.311;0.584;70;114;3;9;11;4;0
770;Brendan Rodgers;25;COL;NL;137;581;527;72;140;30;3;13;63;0;0;46;101;0.266;0.325;0.408;0.733;96;215;25;3;0;5;0
771;Joely Rodríguez*;30;NYM;NL;2;0;0;0;0;0;0;0;0;0;0;0;0;0;0;0;0;0;0;0;0;0;0;0
772;Julio Rodríguez;21;SEA;AL;132;560;511;84;145;25;3;28;75;25;7;40;145;0.284;0.345;0.509;0.853;146;260;7;8;0;1;4
773;Taylor Rogers*;31;TOT;NL;1;0;0;0;0;0;0;0;0;0;0;0;0;0;0;0;0;0;0;0;0;0;0;0
774;Taylor Rogers*;31;SDP;NL;1;0;0;0;0;0;0;0;0;0;0;0;0;0;0;0;0;0;0;0;0;0;0;0
775;Jose Rojas*;29;LAA;AL;22;57;56;1;7;2;0;0;1;0;0;0;19;0.125;0.14;0.161;0.301;-15;9;1;1;0;0;0
776;Josh Rojas*;28;ARI;NL;125;510;443;66;119;25;1;9;56;23;3;55;98;0.269;0.349;0.391;0.739;111;173;7;2;5;5;2
777;Miguel Rojas;33;MIA;NL;140;507;471;34;111;19;2;6;36;9;3;26;61;0.236;0.283;0.323;0.605;73;152;12;6;1;3;1
778;JoJo Romero*;25;TOT;NL;1;0;0;0;0;0;0;0;0;0;0;0;0;0;0;0;0;0;0;0;0;0;0;0
779;JoJo Romero*;25;PHI;NL;1;0;0;0;0;0;0;0;0;0;0;0;0;0;0;0;0;0;0;0;0;0;0;0
780;Austin Romine;33;TOT;MLB;51;136;129;10;20;3;0;3;9;0;0;4;46;0.155;0.187;0.248;0.435;19;32;2;1;2;0;0
781;Austin Romine;33;TOT;NL;48;127;121;10;18;3;0;3;9;0;0;4;43;0.149;0.183;0.248;0.43;17;30;2;1;1;0;0
782;Austin Romine;33;LAA;AL;3;9;8;0;2;0;0;0;0;0;0;0;3;0.25;0.25;0.25;0.5;43;2;0;0;1;0;0
783;Austin Romine;33;STL;NL;11;28;26;2;4;1;0;0;0;0;0;2;7;0.154;0.214;0.192;0.407;18;5;0;0;0;0;0
784;Austin Romine;33;CIN;NL;37;99;95;8;14;2;0;3;9;0;0;2;36;0.147;0.173;0.263;0.437;17;25;2;1;1;0;0
785;Brent Rooker;27;TOT;MLB;16;36;32;1;4;1;0;0;2;0;0;3;11;0.125;0.222;0.156;0.378;11;5;2;1;0;0;0
786;Brent Rooker;27;SDP;NL;2;7;7;0;0;0;0;0;0;0;0;0;4;0;0;0;0;-100;0;0;0;0;0;0
787;Brent Rooker;27;KCR;AL;14;29;25;1;4;1;0;0;2;0;0;3;7;0.16;0.276;0.2;0.476;39;5;2;1;0;0;0
788;Amed Rosario;26;CLE;AL;153;670;637;86;180;26;9;11;71;18;4;25;111;0.283;0.312;0.403;0.715;106;257;19;4;0;4;0
789;Eddie Rosario*;30;ATL;NL;80;270;250;27;53;12;1;5;24;3;0;17;68;0.212;0.259;0.328;0.587;62;82;3;0;0;3;0
790;Eguy Rosario;22;SDP;NL;7;6;5;0;1;0;0;0;0;0;0;1;2;0.2;0.333;0.2;0.533;61;1;0;0;0;0;0
791;Darin Ruf;35;TOT;NL;118;388;334;52;68;12;0;11;45;2;0;45;105;0.204;0.307;0.338;0.645;84;113;11;6;0;3;0
792;Darin Ruf;35;SFG;NL;90;314;268;46;58;9;0;11;38;2;0;40;85;0.216;0.328;0.373;0.701;99;100;8;5;0;1;0
793;Darin Ruf;35;NYM;NL;28;74;66;6;10;3;0;0;7;0;0;5;20;0.152;0.216;0.197;0.413;21;13;3;1;0;2;0
794;Esteury Ruiz;23;TOT;NL;17;36;35;3;6;1;1;0;2;1;2;1;7;0.171;0.194;0.257;0.452;30;9;0;0;0;0;0
795;Esteury Ruiz;23;SDP;NL;14;27;27;1;6;1;1;0;2;1;2;0;5;0.222;0.222;0.333;0.556;59;9;0;0;0;0;0
796;Esteury Ruiz;23;MIL;NL;3;9;8;2;0;0;0;0;0;0;0;1;2;0;0.111;0;0.111;-64;0;0;0;0;0;0
797;Keibert Ruiz#;23;WSN;NL;112;433;394;33;99;22;0;7;36;6;1;30;50;0.251;0.313;0.36;0.673;95;142;9;6;1;2;0
798;Adley Rutschman#;24;BAL;AL;113;470;398;70;101;35;1;13;42;4;0;65;86;0.254;0.362;0.445;0.806;131;177;4;4;0;3;0
799;Gary Sánchez;29;MIN;AL;128;471;419;42;86;24;0;16;61;2;0;40;136;0.205;0.282;0.377;0.659;87;158;12;7;0;5;0
800;Jesús Sánchez*;24;MIA;NL;98;343;313;38;67;14;3;13;36;1;0;26;92;0.214;0.28;0.403;0.682;92;126;7;3;0;1;0
801;Yolmer Sanchez#;30;TOT;MLB;17;44;37;1;4;0;0;0;2;0;2;5;13;0.108;0.214;0.108;0.322;-7;4;0;0;2;0;0
802;Yolmer Sanchez#;30;BOS;AL;14;44;37;1;4;0;0;0;2;0;2;5;13;0.108;0.214;0.108;0.322;-7;4;0;0;2;0;0
803;Yolmer Sanchez#;30;NYM;NL;3;0;0;0;0;0;0;0;0;0;0;0;0;0;0;0;0;0;0;0;0;0;0;0
804;Donny Sands;26;PHI;NL;3;4;3;0;0;0;0;0;0;0;0;1;1;0;0.25;0;0.25;-20;0;1;0;0;0;0
805;Reiver Sanmartin*;26;CIN;NL;1;2;2;0;0;0;0;0;0;0;0;0;1;0;0;0;0;-100;0;0;0;0;0;0
806;Miguel Sanó;29;MIN;AL;20;71;60;1;5;0;0;1;3;1;0;9;25;0.083;0.211;0.133;0.345;2;8;0;1;0;1;0
807;Carlos Santana#;36;TOT;AL;131;506;431;52;87;18;0;19;60;0;0;71;88;0.202;0.316;0.376;0.692;99;162;9;2;0;2;2
808;Carlos Santana#;36;KCR;AL;52;212;176;17;38;10;0;4;21;0;0;36;28;0.216;0.349;0.341;0.69;98;60;1;0;0;0;1
809;Carlos Santana#;36;SEA;AL;79;294;255;35;49;8;0;15;39;0;0;35;60;0.192;0.293;0.4;0.693;100;102;8;2;0;2;1
810;Anthony Santander#;27;BAL;AL;152;647;574;78;138;24;0;33;89;0;2;55;122;0.24;0.318;0.455;0.773;120;261;14;13;0;5;1
811;Clarke Schmidt;26;NYY;AL;1;0;0;0;0;0;0;0;0;0;0;0;0;0;0;0;0;0;0;0;0;0;0;0
812;Jonathan Schoop;30;DET;AL;131;510;481;48;97;23;1;11;38;5;0;19;107;0.202;0.239;0.322;0.561;61;155;15;6;0;4;1
813;Max Schrock*;27;CIN;NL;13;27;26;1;4;0;0;0;1;0;0;1;6;0.154;0.185;0.154;0.339;-6;4;0;0;0;0;0
814;Kyle Schwarber*;29;PHI;NL;155;669;577;100;126;21;3;46;94;10;1;86;200;0.218;0.323;0.504;0.827;131;291;10;4;0;2;3
815;Frank Schwindel;30;CHC;NL;75;292;271;23;62;11;0;8;36;0;0;19;58;0.229;0.277;0.358;0.635;78;97;12;0;0;2;1
816;Tanner Scott;27;MIA;NL;3;0;0;0;0;0;0;0;0;0;0;0;0;0;0;0;0;0;0;0;0;0;0;0
817;Corey Seager*;28;TEX;AL;151;663;593;91;145;24;1;33;83;3;0;58;103;0.245;0.317;0.455;0.772;117;270;14;7;0;5;7
818;Jean Segura;32;PHI;NL;98;387;354;45;98;9;0;10;33;13;6;25;58;0.277;0.336;0.387;0.723;105;137;16;7;0;1;1
819;Marcus Semien;31;TEX;AL;161;724;657;101;163;31;5;26;83;25;8;53;120;0.248;0.304;0.429;0.733;106;282;7;4;0;10;0
820;Nick Senzel;27;CIN;NL;110;420;373;45;86;13;0;5;25;8;5;30;76;0.231;0.296;0.306;0.601;65;114;7;5;2;1;0
821;Brian Serven;27;COL;NL;62;205;187;19;38;4;1;6;16;0;0;13;44;0.203;0.261;0.332;0.593;58;62;7;2;2;1;0
822;Anderson Severino*;27;CHW;AL;1;0;0;0;0;0;0;0;0;0;0;0;0;0;0;0;0;0;0;0;0;0;0;0
823;Pedro Severino;28;MIL;NL;8;21;18;0;4;2;0;0;1;0;0;3;7;0.222;0.333;0.333;0.667;91;6;0;0;0;0;0
824;Paul Sewald;32;SEA;AL;3;0;0;0;0;0;0;0;0;0;0;0;0;0;0;0;0;0;0;0;0;0;0;0
825;Bryan Shaw#;34;CLE;AL;1;0;0;0;0;0;0;0;0;0;0;0;0;0;0;0;0;0;0;0;0;0;0;0
826;Travis Shaw*;32;BOS;AL;7;19;19;0;0;0;0;0;0;0;0;0;7;0;0;0;0;-100;0;0;0;0;0;0
827;Gavin Sheets*;26;CHW;AL;124;410;377;34;91;19;0;15;53;0;0;27;86;0.241;0.295;0.411;0.706;99;155;9;3;0;3;0
828;Zack Short;27;DET;AL;6;13;9;2;0;0;0;0;2;1;0;2;5;0;0.154;0;0.154;-50;0;0;0;0;2;0
829;Chasen Shreve*;31;NYM;NL;1;0;0;0;0;0;0;0;0;0;0;0;0;0;0;0;0;0;0;0;0;0;0;0
830;Michael Siani*;22;CIN;NL;9;24;24;1;4;0;0;0;0;0;1;0;7;0.167;0.167;0.167;0.333;-8;4;1;0;0;0;0
831;Magneuris Sierra*;26;LAA;AL;45;96;91;7;15;1;3;0;5;6;1;4;25;0.165;0.2;0.242;0.442;25;22;0;0;1;0;0
832;Andrelton Simmons;32;CHC;NL;34;85;75;8;13;1;0;0;7;4;0;7;13;0.173;0.244;0.187;0.431;24;14;5;0;3;0;0
833;Jose Siri;26;TOT;AL;104;325;301;53;64;13;2;7;24;14;2;20;108;0.213;0.268;0.339;0.607;75;102;3;3;0;1;0
834;Jose Siri;26;HOU;AL;48;147;135;18;24;4;2;3;10;6;1;9;48;0.178;0.238;0.304;0.542;54;41;2;2;0;1;0
835;Jose Siri;26;TBR;AL;56;178;166;35;40;9;0;4;14;8;1;11;60;0.241;0.292;0.367;0.66;92;61;1;1;0;0;0
836;Austin Slater;29;SFG;NL;125;325;277;49;73;15;2;7;34;12;1;40;89;0.264;0.366;0.408;0.774;120;113;9;6;0;2;0
837;Dominic Smith*;27;NYM;NL;58;152;134;11;26;10;1;0;17;0;0;12;37;0.194;0.276;0.284;0.56;63;38;0;4;0;2;0
838;Josh H. Smith*;24;TEX;AL;73;253;213;23;42;5;0;2;16;4;3;28;50;0.197;0.307;0.249;0.556;61;53;1;7;2;3;0
839;Kevin Smith;25;OAK;AL;47;151;139;9;25;9;1;2;13;4;0;7;42;0.18;0.216;0.302;0.518;51;42;5;0;3;2;0
840;Pavin Smith*;26;ARI;NL;75;277;245;24;54;9;0;9;33;1;0;28;67;0.22;0.3;0.367;0.667;89;90;2;1;0;3;1
841;Will Smith;27;LAD;NL;137;578;508;68;132;26;3;24;87;1;0;56;96;0.26;0.343;0.465;0.807;123;236;11;10;0;4;4
842;Canaan Smith-Njigba*;23;PIT;NL;3;7;5;1;1;1;0;0;0;0;0;1;0;0.2;0.429;0.4;0.829;137;2;0;1;0;0;0
843;Collin Snider;26;KCR;AL;2;0;0;0;0;0;0;0;0;0;0;0;0;0;0;0;0;0;0;0;0;0;0;0
844;Nick Solak;27;TEX;AL;35;95;82;14;17;1;0;3;4;3;2;7;19;0.207;0.309;0.329;0.638;82;27;1;5;1;0;0
845;Donovan Solano;34;CIN;NL;80;304;278;22;79;16;0;4;24;0;0;19;61;0.284;0.339;0.385;0.724;97;107;5;5;0;2;1
846;Jorge Soler;30;MIA;NL;72;306;270;32;56;13;0;13;34;0;2;31;90;0.207;0.295;0.4;0.695;96;108;9;3;0;1;1
847;Edmundo Sosa;26;TOT;NL;78;190;176;26;40;11;4;2;21;6;1;5;50;0.227;0.275;0.369;0.644;82;65;6;7;1;1;0
848;Edmundo Sosa;26;STL;NL;53;131;122;17;23;4;3;0;8;3;1;4;38;0.189;0.244;0.27;0.515;48;33;3;5;0;0;0
849;Edmundo Sosa;26;PHI;NL;25;59;54;9;17;7;1;2;13;3;0;1;12;0.315;0.345;0.593;0.937;160;32;3;2;1;1;0
850;Lenyn Sosa;22;CHW;AL;11;36;35;3;4;1;0;1;1;0;0;1;12;0.114;0.139;0.229;0.367;2;8;2;0;0;0;0
851;Juan Soto*;23;TOT;NL;153;664;524;93;127;25;2;27;62;6;2;135;96;0.242;0.401;0.452;0.853;148;237;12;4;0;0;6
852;Juan Soto*;23;WSN;NL;101;436;342;62;84;17;1;21;46;6;2;91;62;0.246;0.408;0.485;0.894;159;166;11;3;0;0;4
853;Juan Soto*;23;SDP;NL;52;228;182;31;43;8;1;6;16;0;0;44;34;0.236;0.388;0.39;0.778;129;71;1;1;0;0;2
854;Livan Soto*;22;LAA;AL;18;59;55;9;22;5;1;1;9;1;1;2;13;0.4;0.414;0.582;0.996;179;32;1;0;1;1;0
855;Steven Souza Jr.;33;SEA;AL;6;19;19;0;3;0;0;0;1;0;0;0;8;0.158;0.158;0.158;0.316;-7;3;2;0;0;0;0
856;Cory Spangenberg*;31;STL;NL;1;0;0;0;0;0;0;0;0;0;0;0;0;0;0;0;0;0;0;0;0;0;0;0
857;George Springer;32;TOR;AL;133;583;513;89;137;22;4;25;76;14;2;54;100;0.267;0.342;0.472;0.814;133;242;7;7;0;5;1
858;Jacob Stallings;32;MIA;NL;114;384;346;25;77;12;0;4;34;0;1;29;83;0.223;0.292;0.292;0.584;68;101;15;6;1;2;0
859;Giancarlo Stanton;32;NYY;AL;110;452;398;53;84;7;0;31;78;0;0;50;137;0.211;0.297;0.462;0.759;114;184;8;0;0;3;2
860;Max Stassi;31;LAA;AL;102;375;333;32;60;12;1;9;30;0;0;38;112;0.18;0.267;0.303;0.571;62;101;12;2;1;1;0
861;Josh Staumont;28;KCR;AL;2;0;0;0;0;0;0;0;0;0;0;0;0;0;0;0;0;0;0;0;0;0;0;0
862;Drew Steckenrider;31;SEA;AL;1;0;0;0;0;0;0;0;0;0;0;0;0;0;0;0;0;0;0;0;0;0;0;0
863;Spencer Steer;24;CIN;NL;28;108;95;12;20;5;0;2;8;0;1;11;26;0.211;0.306;0.326;0.632;73;31;2;2;0;0;0
864;Michael Stefanic;26;LAA;AL;25;69;61;5;12;2;0;0;0;0;0;5;12;0.197;0.279;0.23;0.509;47;14;1;2;1;0;0
865;Jackson Stephens;28;ATL;NL;1;0;0;0;0;0;0;0;0;0;0;0;0;0;0;0;0;0;0;0;0;0;0;0
866;Tyler Stephenson;25;CIN;NL;50;183;166;24;53;9;0;6;35;1;0;12;47;0.319;0.372;0.482;0.854;131;80;4;3;0;2;0
867;Cal Stevenson*;25;OAK;AL;23;71;60;5;10;3;0;0;1;1;1;8;23;0.167;0.261;0.217;0.478;43;13;1;0;2;1;0
868;DJ Stewart*;28;BAL;AL;3;3;3;0;0;0;0;0;0;0;0;0;2;0;0;0;0;-100;0;0;0;0;0;0
869;Trevor Story;29;BOS;AL;94;396;357;53;85;22;0;16;66;13;0;32;122;0.238;0.303;0.434;0.737;101;155;9;3;0;4;4
870;Bryson Stott*;24;PHI;NL;127;466;427;58;100;19;2;10;49;12;4;36;89;0.234;0.295;0.358;0.653;85;153;3;1;1;1;0
871;Kyle Stowers*;24;BAL;AL;34;98;91;11;23;4;1;3;11;0;0;5;29;0.253;0.306;0.418;0.724;106;38;3;2;0;0;0
872;Dee Strange-Gordon*;34;WSN;NL;22;59;59;6;18;1;1;0;2;3;2;0;8;0.305;0.305;0.356;0.661;92;21;1;0;0;0;0
873;Myles Straw;27;CLE;AL;152;596;535;72;118;22;3;0;32;21;1;54;87;0.221;0.291;0.273;0.564;65;146;4;1;2;4;0
874;Hunter Strickland;33;CIN;NL;1;0;0;0;0;0;0;0;0;0;0;0;0;0;0;0;0;0;0;0;0;0;0;0
875;Garrett Stubbs*;29;PHI;NL;46;121;106;19;28;4;1;5;16;2;0;14;30;0.264;0.35;0.462;0.812;129;49;2;0;1;0;0
876;Eugenio Suárez;30;SEA;AL;150;629;543;76;128;24;2;31;87;0;0;73;196;0.236;0.332;0.459;0.791;128;249;12;8;0;5;0
877;Cole Sulser;32;MIA;NL;1;0;0;0;0;0;0;0;0;0;0;0;0;0;0;0;0;0;0;0;0;0;0;0
878;Jack Suwinski*;23;PIT;NL;106;372;326;45;66;11;0;19;38;4;2;41;114;0.202;0.298;0.411;0.709;98;134;5;4;0;1;1
879;Kurt Suzuki;38;LAA;AL;51;159;139;10;25;4;0;4;15;0;0;15;29;0.18;0.266;0.295;0.561;59;41;3;2;1;2;0
880;Seiya Suzuki;27;CHC;NL;111;446;397;54;104;22;2;14;46;9;5;42;110;0.262;0.336;0.433;0.77;115;172;8;4;0;3;3
881;Travis Swaggerty*;24;PIT;NL;5;9;9;0;1;0;0;0;0;0;0;0;4;0.111;0.111;0.111;0.222;-37;1;0;0;0;0;0
882;Dansby Swanson;28;ATL;NL;162;696;640;99;177;32;1;25;96;18;7;49;182;0.277;0.329;0.447;0.776;114;286;12;3;0;4;0
883;Raimel Tapia*;28;TOR;AL;128;433;411;47;109;20;3;7;52;8;2;16;81;0.265;0.292;0.38;0.672;93;156;12;0;3;1;0
884;Dillon Tate;28;BAL;AL;2;0;0;0;0;0;0;0;0;0;0;0;0;0;0;0;0;0;0;0;0;0;0;0
885;Leody Taveras#;23;TEX;AL;99;341;314;39;82;14;2;5;34;11;5;21;88;0.261;0.309;0.366;0.675;92;115;2;2;1;3;0
886;Chris Taylor;31;LAD;NL;118;454;402;45;89;25;3;10;43;10;1;44;160;0.221;0.304;0.373;0.677;88;150;4;5;0;3;2
887;Michael A. Taylor;31;KCR;AL;124;456;414;49;105;10;3;9;43;4;2;35;109;0.254;0.313;0.357;0.67;91;148;6;2;2;3;0
888;Tyrone Taylor;28;MIL;NL;120;405;373;49;87;21;3;17;51;3;2;22;102;0.233;0.286;0.442;0.729;103;165;11;7;0;3;0
889;Rowdy Tellez*;27;MIL;NL;153;599;529;67;116;23;0;35;89;2;1;62;121;0.219;0.306;0.461;0.767;114;244;20;5;0;3;9
890;Matt Thaiss*;27;LAA;AL;29;81;69;9;15;1;0;2;8;1;0;11;24;0.217;0.321;0.319;0.64;83;22;2;0;0;1;1
891;Caleb Thielbar;35;MIN;AL;2;0;0;0;0;0;0;0;0;0;0;0;0;0;0;0;0;0;0;0;0;0;0;0
892;Alek Thomas*;22;ARI;NL;113;411;381;45;88;17;1;8;39;4;3;22;74;0.231;0.275;0.344;0.619;76;131;6;3;0;5;0
893;Cody Thomas*;27;OAK;AL;10;32;30;1;8;0;0;0;0;0;0;2;12;0.267;0.313;0.267;0.579;74;8;0;0;0;0;0
894;Dillon Thomas*;29;LAA;AL;8;14;11;1;1;0;0;0;0;0;0;2;6;0.091;0.286;0.091;0.377;14;1;0;1;0;0;0
895;Lane Thomas;26;WSN;NL;146;548;498;62;120;26;2;17;52;8;4;41;132;0.241;0.301;0.404;0.705;103;201;8;4;0;5;0
896;Bubba Thompson;24;TEX;AL;55;181;170;18;45;5;0;1;9;18;3;7;56;0.265;0.302;0.312;0.613;76;53;2;2;2;0;0
897;Trayce Thompson;31;TOT;NL;80;255;219;36;56;14;1;13;41;4;1;32;93;0.256;0.353;0.507;0.86;138;111;2;2;0;2;0
898;Trayce Thompson;31;SDP;NL;6;16;14;1;1;0;0;0;2;0;1;2;7;0.071;0.188;0.071;0.259;-20;1;0;0;0;0;0
899;Trayce Thompson;31;LAD;NL;74;239;205;35;55;14;1;13;39;4;0;30;86;0.268;0.364;0.537;0.901;148;110;2;2;0;2;0
900;Michael Toglia#;23;COL;NL;31;120;111;10;24;8;2;2;12;1;1;9;44;0.216;0.275;0.378;0.653;73;42;2;0;0;0;0
901;Ka'ai Tom*;28;SFG;NL;1;1;1;0;0;0;0;0;0;0;0;0;0;0;0;0;0;-100;0;0;0;0;0;0
902;Spencer Torkelson;22;DET;AL;110;404;360;38;73;16;1;8;28;0;1;37;99;0.203;0.285;0.319;0.604;75;115;12;5;0;2;0
903;Abraham Toro#;25;SEA;AL;109;352;324;36;60;13;1;10;35;2;0;22;65;0.185;0.239;0.324;0.563;63;105;4;2;0;4;1
904;Luis Torrens;26;SEA;AL;55;166;151;13;34;2;0;3;15;0;0;12;50;0.225;0.283;0.298;0.581;71;45;5;1;0;2;0
905;Gleyber Torres;25;NYY;AL;140;572;526;73;135;28;1;24;76;10;5;39;129;0.257;0.31;0.451;0.761;115;237;12;3;1;3;2
906;Ezequiel Tovar;20;COL;NL;9;35;33;2;7;1;0;1;2;0;0;2;9;0.212;0.257;0.333;0.59;57;11;0;0;0;0;0
907;Taylor Trammell*;24;SEA;AL;43;117;102;15;20;9;0;4;10;2;1;13;33;0.196;0.284;0.402;0.686;98;41;2;0;1;1;0
908;Alan Trejo;26;COL;NL;35;125;118;15;32;6;0;4;17;1;2;5;31;0.271;0.312;0.424;0.736;95;50;3;2;0;0;0
909;Jose Trevino;29;NYY;AL;115;353;335;39;83;12;1;11;43;2;1;15;62;0.248;0.283;0.388;0.671;91;130;5;2;0;1;0
910;Chadwick Tromp;27;ATL;NL;1;4;4;0;3;2;0;0;3;0;0;0;0;0.75;0.75;1.25;2;444;5;0;0;0;0;0
911;Mike Trout;30;LAA;AL;119;499;438;85;124;28;2;40;80;1;0;54;139;0.283;0.369;0.63;0.999;176;276;6;6;0;1;8
912;Yoshi Tsutsugo*;30;PIT;NL;50;193;170;11;29;4;0;2;19;0;0;19;50;0.171;0.249;0.229;0.478;37;39;3;0;0;4;0
913;Cole Tucker#;25;PIT;NL;18;63;63;3;11;1;1;0;2;1;0;0;25;0.175;0.175;0.222;0.397;11;14;1;0;0;0;0
914;Kyle Tucker*;25;HOU;AL;150;609;544;71;140;28;1;30;107;25;4;59;95;0.257;0.33;0.478;0.808;129;260;11;1;0;2;4
915;Justin Turner;37;LAD;NL;128;532;468;61;130;36;0;13;81;3;0;50;89;0.278;0.35;0.438;0.788;119;205;13;6;0;8;1
916;Trea Turner;29;LAD;NL;160;708;652;101;194;39;4;21;100;27;3;45;131;0.298;0.343;0.466;0.809;124;304;9;3;0;6;1
917;Justin Upton;34;SEA;AL;17;57;48;2;6;1;0;1;3;0;0;6;23;0.125;0.263;0.208;0.471;41;10;1;3;0;0;0
918;Luis Urías;25;MIL;NL;119;472;406;54;97;17;1;16;47;1;2;50;99;0.239;0.335;0.404;0.739;109;164;9;11;0;5;0
919;Ramón Urías;28;BAL;AL;118;445;403;50;100;17;1;16;51;1;0;30;98;0.248;0.305;0.414;0.72;105;167;7;5;3;4;1
920;Gio Urshela;30;MIN;AL;144;551;501;61;143;27;3;13;64;1;0;41;96;0.285;0.338;0.429;0.767;118;215;21;2;0;7;2
921;Josh VanMeter*;27;PIT;NL;67;192;171;15;32;5;2;3;14;4;0;19;45;0.187;0.266;0.292;0.558;58;50;3;0;0;2;0
922;Ildemaro Vargas#;30;TOT;NL;63;222;209;19;55;13;1;4;23;3;1;8;23;0.263;0.299;0.392;0.691;98;82;6;3;1;1;0
923;Ildemaro Vargas#;30;CHC;NL;10;26;23;4;3;0;1;1;4;0;0;3;2;0.13;0.231;0.348;0.579;60;8;1;0;0;0;0
924;Ildemaro Vargas#;30;WSN;NL;53;196;186;15;52;13;0;3;19;3;1;5;21;0.28;0.308;0.398;0.706;103;74;5;3;1;1;0
925;Miguel Vargas;22;LAD;NL;18;50;47;4;8;1;0;1;8;1;0;2;13;0.17;0.2;0.255;0.455;26;12;0;0;0;1;0
926;Daulton Varsho*;25;ARI;NL;151;592;531;79;125;23;3;27;74;16;6;46;145;0.235;0.302;0.443;0.745;109;235;8;7;2;5;0
927;Andrew Vaughn;24;CHW;AL;134;555;510;60;138;28;1;17;76;0;0;31;96;0.271;0.321;0.429;0.75;111;219;13;9;0;5;0
928;Terrin Vavra*;25;BAL;AL;40;103;89;14;23;2;1;1;12;0;1;12;19;0.258;0.34;0.337;0.677;97;30;2;0;0;2;0
929;Christian Vázquez;31;TOT;AL;119;426;398;41;109;23;0;9;52;1;4;22;69;0.274;0.315;0.399;0.714;98;159;10;3;0;3;0
930;Christian Vázquez;31;BOS;AL;84;318;294;33;83;20;0;8;42;1;2;18;51;0.282;0.327;0.432;0.759;108;127;7;3;0;3;0
931;Christian Vázquez;31;HOU;AL;35;108;104;8;26;3;0;1;10;0;2;4;18;0.25;0.278;0.308;0.585;68;32;3;0;0;0;0
932;Andrew Velazquez#;27;LAA;AL;125;349;322;37;63;8;0;9;28;17;1;15;119;0.196;0.236;0.304;0.54;52;98;3;3;6;3;0
933;Nelson Velázquez;23;CHC;NL;77;206;185;20;38;7;3;6;26;5;2;19;65;0.205;0.286;0.373;0.659;84;69;5;2;0;0;0
934;Alex Verdugo*;26;BOS;AL;152;644;593;75;166;39;1;11;74;1;3;42;86;0.28;0.328;0.405;0.732;102;240;14;3;0;6;2
935;Mark Vientos;22;NYM;NL;16;41;36;3;6;1;0;1;3;0;0;5;12;0.167;0.268;0.278;0.546;59;10;1;0;0;0;0
936;Matt Vierling;25;PHI;NL;117;357;325;41;80;12;2;6;32;7;4;23;70;0.246;0.297;0.351;0.648;84;114;7;3;0;6;0
937;David Villar;25;SFG;NL;52;181;156;21;36;6;1;9;24;0;1;18;58;0.231;0.331;0.455;0.787;121;71;4;6;0;1;0
938;Jonathan Villar#;31;TOT;MLB;59;220;202;25;42;6;2;3;18;7;0;15;59;0.208;0.26;0.302;0.562;58;61;4;0;1;2;0
939;Jonathan Villar#;31;CHC;NL;46;166;153;19;34;6;2;2;15;6;0;11;42;0.222;0.271;0.327;0.598;68;50;3;0;0;2;0
940;Jonathan Villar#;31;LAA;AL;13;54;49;6;8;0;0;1;3;1;0;4;17;0.163;0.226;0.224;0.451;29;11;1;0;1;0;0
941;Meibrys Viloria*;25;TEX;AL;26;75;63;10;10;1;0;2;5;0;0;11;29;0.159;0.28;0.27;0.55;58;17;0;0;0;1;0
942;Daniel Vogelbach*;29;TOT;NL;130;461;386;47;92;19;1;18;59;0;0;73;114;0.238;0.36;0.433;0.793;125;167;11;1;0;1;2
943;Daniel Vogelbach*;29;PIT;NL;75;278;237;29;54;10;1;12;34;0;0;40;67;0.228;0.338;0.43;0.769;116;102;8;0;0;1;1
944;Daniel Vogelbach*;29;NYM;NL;55;183;149;18;38;9;0;6;25;0;0;33;47;0.255;0.393;0.436;0.83;140;65;3;1;0;0;1
945;Stephen Vogt*;37;OAK;AL;70;191;168;18;27;4;1;7;23;1;0;17;46;0.161;0.241;0.321;0.562;64;54;4;2;0;4;0
946;Luke Voit;31;TOT;NL;135;568;500;55;113;22;0;22;69;1;1;55;179;0.226;0.308;0.402;0.71;105;201;9;7;0;6;1
947;Luke Voit;31;SDP;NL;82;344;298;38;67;18;0;13;48;1;1;39;110;0.225;0.317;0.416;0.733;112;124;5;3;0;4;1
948;Luke Voit;31;WSN;NL;53;224;202;17;46;4;0;9;21;0;0;16;69;0.228;0.295;0.381;0.676;95;77;4;4;0;2;0
949;Jason Vosler*;28;SFG;NL;36;111;98;14;26;6;1;4;12;1;1;10;29;0.265;0.342;0.469;0.812;128;46;3;2;0;1;1
950;Joey Votto*;38;CIN;NL;91;376;322;31;66;18;1;11;41;0;0;44;97;0.205;0.319;0.37;0.689;88;119;8;10;0;0;0
951;LaMonte Wade Jr.*;28;SFG;NL;77;251;217;29;45;7;1;8;26;1;0;26;51;0.207;0.305;0.359;0.665;88;78;0;5;2;1;0
952;Tyler Wade*;27;LAA;AL;67;163;147;22;32;5;0;1;8;8;5;10;33;0.218;0.272;0.272;0.544;55;40;3;1;5;0;0
953;Christian Walker;31;ARI;NL;160;667;583;84;141;25;2;36;94;2;2;69;131;0.242;0.327;0.477;0.804;126;278;15;8;0;7;2
954;Steele Walker*;25;TEX;AL;5;16;14;1;1;0;0;1;1;0;0;2;4;0.071;0.188;0.286;0.473;32;4;0;0;0;0;0
955;Chad Wallach;30;LAA;AL;12;40;35;3;5;1;0;1;4;0;0;4;9;0.143;0.231;0.257;0.488;38;9;1;0;1;0;0
956;Matt Wallner*;24;MIN;AL;18;65;57;4;13;3;0;2;10;1;0;6;25;0.228;0.323;0.386;0.709;102;22;0;2;0;0;1
957;Taylor Walls#;25;TBR;AL;142;466;407;53;70;18;2;8;33;10;3;52;120;0.172;0.268;0.285;0.553;62;116;6;2;2;2;0
958;Jared Walsh*;28;LAA;AL;118;454;423;41;91;18;2;15;44;2;1;27;138;0.215;0.269;0.374;0.642;80;158;6;4;0;0;4
959;Donovan Walton*;28;TOT;MLB;25;78;76;9;12;8;0;1;8;0;0;1;16;0.158;0.179;0.303;0.482;34;23;1;1;0;0;0
960;Donovan Walton*;28;SEA;AL;1;0;0;1;0;0;0;0;0;0;0;0;0;0;0;0;0;0;0;0;0;0;0;0
961;Donovan Walton*;28;SFG;NL;24;78;76;8;12;8;0;1;8;0;0;1;16;0.158;0.179;0.303;0.482;34;23;1;1;0;0;0
962;Taylor Ward;28;LAA;AL;135;564;495;73;139;22;2;23;65;5;3;60;120;0.281;0.36;0.473;0.833;134;234;5;4;0;5;0
963;Drew Waters#;23;KCR;AL;32;109;96;14;23;6;1;5;18;0;0;12;40;0.24;0.324;0.479;0.803;125;46;1;0;0;0;0
964;Luke Weaver;28;TOT;MLB;1;0;0;0;0;0;0;0;0;0;0;0;0;0;0;0;0;0;0;0;0;0;0;0
965;Luke Weaver;28;ARI;NL;1;0;0;0;0;0;0;0;0;0;0;0;0;0;0;0;0;0;0;0;0;0;0;0
966;J.B. Wendelken;29;ARI;NL;1;0;0;0;0;0;0;0;0;0;0;0;0;0;0;0;0;0;0;0;0;0;0;0
967;Joey Wendle*;32;MIA;NL;101;371;347;27;90;24;1;3;32;12;3;15;50;0.259;0.297;0.36;0.658;87;125;7;5;1;3;0
968;Eli White;28;TEX;AL;47;117;105;16;21;2;0;3;10;12;1;11;41;0.2;0.274;0.305;0.578;65;32;0;0;0;1;0
969;Aaron Whitefield;25;LAA;AL;5;11;11;0;0;0;0;0;0;0;0;0;5;0;0;0;0;-100;0;0;0;0;0;0
970;Luke Williams;25;TOT;NL;79;136;127;21;30;5;1;1;6;11;4;9;44;0.236;0.287;0.315;0.602;72;40;1;0;0;0;1
971;Luke Williams;25;SFG;NL;8;12;12;1;3;1;0;0;3;0;0;0;4;0.25;0.25;0.333;0.583;64;4;0;0;0;0;0
972;Luke Williams;25;MIA;NL;71;124;115;20;27;4;1;1;3;11;4;9;40;0.235;0.29;0.313;0.603;73;36;1;0;0;0;1
973;Trevor Williams;30;NYM;NL;2;0;0;0;0;0;0;0;0;0;0;0;0;0;0;0;0;0;0;0;0;0;0;0
974;Marcus Wilson;25;SEA;AL;3;6;5;1;1;0;0;0;0;0;0;1;4;0.2;0.333;0.2;0.533;62;1;0;0;0;0;0
975;Jesse Winker*;28;SEA;AL;136;547;456;51;100;15;0;14;53;0;0;84;103;0.219;0.344;0.344;0.688;102;157;8;4;0;3;1
976;Patrick Wisdom;30;CHC;NL;134;534;469;67;97;28;0;25;66;8;4;53;183;0.207;0.298;0.426;0.725;101;200;8;9;1;2;1
977;Bobby Witt;22;KCR;AL;150;632;591;82;150;31;6;20;80;30;7;30;135;0.254;0.294;0.428;0.722;103;253;12;6;0;5;2
978;Tony Wolters*;30;LAD;NL;2;4;4;0;0;0;0;0;0;0;0;0;3;0;0;0;0;-100;0;0;0;0;0;0
979;Connor Wong;26;BOS;AL;27;56;48;8;9;3;0;1;7;0;0;5;16;0.188;0.273;0.313;0.585;62;15;0;1;1;1;0
980;Kolten Wong*;31;MIL;NL;134;497;430;65;108;24;4;15;47;17;6;46;88;0.251;0.339;0.43;0.77;117;185;5;14;2;5;2
981;Austin Wynns;31;SFG;NL;65;177;162;14;42;7;0;3;21;0;0;10;38;0.259;0.313;0.358;0.671;90;58;9;3;1;1;0
982;Mike Yastrzemski*;31;SFG;NL;148;558;485;73;104;31;2;17;57;5;1;61;141;0.214;0.305;0.392;0.697;97;190;3;5;1;6;0
983;Christian Yelich*;30;MIL;NL;154;671;575;99;145;25;4;14;57;19;3;88;162;0.252;0.355;0.383;0.738;110;220;9;5;1;2;5
984;Juan Yepez;24;STL;NL;76;274;253;27;64;13;0;12;30;0;0;16;61;0.253;0.296;0.447;0.742;109;113;6;1;0;4;0
985;Jared Young*;26;CHC;NL;6;22;19;2;5;2;0;0;0;1;0;3;7;0.263;0.364;0.368;0.732;108;7;0;0;0;0;0
986;Seby Zavala;28;CHW;AL;61;205;178;22;48;14;0;2;21;0;0;19;64;0.27;0.347;0.382;0.729;108;68;1;3;3;2;0
987;Bradley Zimmer*;29;TOT;MLB;109;117;105;18;13;5;0;2;5;3;2;5;45;0.124;0.207;0.229;0.435;26;24;0;6;1;0;0
988;Bradley Zimmer*;29;TOT;AL;100;101;89;14;9;4;0;2;5;3;2;5;41;0.101;0.2;0.213;0.413;20;19;0;6;1;0;0
989;Bradley Zimmer*;29;TOR;AL;77;87;76;11;8;4;0;2;3;2;1;5;33;0.105;0.209;0.237;0.446;29;18;0;5;1;0;0
990;Bradley Zimmer*;29;PHI;NL;9;16;16;4;4;1;0;0;0;0;0;0;4;0.25;0.25;0.313;0.563;59;5;0;0;0;0;0
991;Bradley Zimmer*;29;TOR;AL;23;14;13;3;1;0;0;0;2;1;1;0;8;0.077;0.143;0.077;0.22;-34;1;0;1;0;0;0
992;Mike Zunino;31;TBR;AL;36;123;115;7;17;3;0;5;16;0;0;6;46;0.148;0.195;0.304;0.499;43;35;2;1;0;1;0
